OBJECTID,IMPMAPID,IMP_PROP,BIKE_NAME,BIKESTATUS,ADDDATE,MODDATE,SDATE,SOURCE,SACC,Shape__Length
1517,IMPMAP367,Multi-use Pathway,Dartmouth Harbourfront Greenway,Complete (AAA),2019-04-29T12:34:10.000Z,2019-04-29T12:39:56.000Z,2019-04-29T00:00:00.000Z,TPW PP&D,Interactive,730.8315304
1518,IMPMAP368,Multi-use Pathway,Dartmouth Harbourfront Greenway,In Planning,2019-04-29T12:34:10.000Z,2019-04-29T12:39:57.000Z,2019-04-29T00:00:00.000Z,TPW PP&D,Interactive,185.0401409
1519,IMPMAP369,Local Street Bikeway,True North Crescent Local Street Bikeway,Pending/Proposed,2019-04-29T12:34:10.000Z,2019-04-29T12:39:56.000Z,2019-04-29T00:00:00.000Z,TPW PP&D,Interactive,59.97269221
1520,IMPMAP370,Protected Bike Lane,Wyse Rd Protected Bike Lanes,In Design,2019-04-29T12:34:10.000Z,2019-04-29T12:39:55.000Z,2019-04-29T00:00:00.000Z,TPW PP&D,Interactive,20.23303477
1521,IMPMAP371,Multi-use Pathway,Woodside Ferry Terminal Connector,Pending/Proposed,2019-04-29T12:34:10.000Z,2019-04-29T12:39:56.000Z,2019-04-29T00:00:00.000Z,TPW PP&D,Interactive,189.6414491
1522,IMPMAP372,Multi-use Pathway,Bayers Rd Bikeway,In Design,2019-04-29T12:34:10.000Z,2019-04-29T12:39:55.000Z,2019-04-29T00:00:00.000Z,TPW PP&D,Interactive,514.4616278
1523,IMPMAP373,,,,2019-04-29T12:34:10.000Z,2019-04-29T12:39:55.000Z,2019-04-29T00:00:00.000Z,TPW PP&D,Interactive,554.5659461
1524,IMPMAP375,,,,2019-04-29T12:34:10.000Z,2019-04-29T12:39:56.000Z,2019-04-29T00:00:00.000Z,TPW PP&D,Interactive,554.5659461
1525,IMPMAP377,Multi-use Pathway,Halifax Common Pathways,In Planning,2019-04-29T12:34:10.000Z,2019-04-29T12:39:56.000Z,2019-04-29T00:00:00.000Z,TPW PP&D,Interactive,554.5659461
1526,IMPMAP378,Multi-use Pathway,Halifax Common Pathways,In Planning,2019-04-29T12:34:10.000Z,2019-04-29T12:39:56.000Z,2019-04-29T00:00:00.000Z,TPW PP&D,Interactive,600.5092475
1527,IMPMAP379,Multi-use Pathway,Poplar Multi-Use Pathway (part of Cogswell),In Design,2019-04-29T12:34:10.000Z,2019-04-29T12:39:58.000Z,2019-04-29T00:00:00.000Z,TPW PP&D,Interactive,667.0058462
1528,IMPMAP380,Multi-use Pathway,Dartmouth Harbourfront Greenway,Complete (AAA),2019-04-29T12:34:10.000Z,2019-04-29T12:39:59.000Z,2019-04-29T00:00:00.000Z,TPW PP&D,Interactive,81.15954872
1529,IMPMAP381,Multi-use Pathway,Dartmouth Harbourfront Greenway,In Planning,2019-04-29T12:34:10.000Z,2019-04-29T12:39:56.000Z,2019-04-29T00:00:00.000Z,TPW PP&D,Interactive,102.8930722
1530,IMPMAP382,Multi-use Pathway,Dartmouth Harbourfront Greenway,In Planning,2019-04-29T12:34:10.000Z,2019-04-29T12:39:56.000Z,2019-04-29T00:00:00.000Z,TPW PP&D,Interactive,29.82800037
1531,IMPMAP383,Multi-use Pathway,,Pending/Proposed,2019-04-29T12:34:10.000Z,2019-04-29T12:39:57.000Z,2019-04-29T00:00:00.000Z,TPW PP&D,Interactive,79.91408345
1532,IMPMAP384,Multi-use Pathway,,Pending/Proposed,2019-04-29T12:34:10.000Z,2019-04-29T12:39:56.000Z,2019-04-29T00:00:00.000Z,TPW PP&D,Interactive,44.68628107
1533,IMPMAP385,Multi-use Pathway,Macdonald Bridge Ramp,Complete (AAA),2019-04-29T12:34:10.000Z,2019-04-29T12:39:56.000Z,2019-04-29T00:00:00.000Z,TPW PP&D,Interactive,230.7779207
1534,IMPMAP386,Multi-use Pathway,Bayers Rd Bikeway,In Planning,2019-04-29T12:34:10.000Z,2019-04-29T12:39:56.000Z,2019-04-29T00:00:00.000Z,TPW PP&D,Interactive,117.0451596
1535,IMPMAP387,Multi-use Pathway,,Pending/Proposed,2019-04-29T12:34:10.000Z,2019-04-29T12:39:55.000Z,2019-04-29T00:00:00.000Z,TPW PP&D,Interactive,348.9080758
1536,IMPMAP249,Protected Bike Lane,South St Protected Bike Lanes,In Planning,2019-04-29T12:34:10.000Z,2019-04-29T12:39:57.000Z,2019-04-29T00:00:00.000Z,TPW PP&D,Interactive,130.6391484
1537,IMPMAP250,Protected Bike Lane,South St Protected Bike Lanes,In Planning,2019-04-29T12:34:10.000Z,2019-04-29T12:39:56.000Z,2019-04-29T00:00:00.000Z,TPW PP&D,Interactive,117.435358
1538,IMPMAP255,Protected Bike Lane,Windsor Street Protected Bikeway,Pending/Proposed,2019-04-29T12:34:10.000Z,2019-04-29T12:39:57.000Z,2019-04-29T00:00:00.000Z,TPW PP&D,Interactive,152.1113053
1539,IMPMAP256,Protected Bike Lane,Windsor Street Protected Bikeway,Pending/Proposed,2019-04-29T12:34:10.000Z,2019-04-29T12:39:58.000Z,2019-04-29T00:00:00.000Z,TPW PP&D,Interactive,76.32498128
1540,IMPMAP257,Protected Bike Lane,Windsor Street Protected Bikeway,Pending/Proposed,2019-04-29T12:34:10.000Z,2019-04-29T12:39:57.000Z,2019-04-29T00:00:00.000Z,TPW PP&D,Interactive,106.0251287
1541,IMPMAP258,Protected Bike Lane,Windsor Street Protected Bikeway,Pending/Proposed,2019-04-29T12:34:10.000Z,2019-04-29T12:39:58.000Z,2019-04-29T00:00:00.000Z,TPW PP&D,Interactive,112.6311572
1542,IMPMAP259,Protected Bike Lane,Windsor Street Protected Bikeway,Pending/Proposed,2019-04-29T12:34:10.000Z,2019-04-29T12:39:56.000Z,2019-04-29T00:00:00.000Z,TPW PP&D,Interactive,52.93265534
1543,IMPMAP260,Protected Bike Lane,Windsor Street Protected Bikeway,Pending/Proposed,2019-04-29T12:34:10.000Z,2019-04-29T12:39:57.000Z,2019-04-29T00:00:00.000Z,TPW PP&D,Interactive,142.8232533
1544,IMPMAP261,Protected Bike Lane,Windsor Street Protected Bikeway,Pending/Proposed,2019-04-29T12:34:10.000Z,2019-04-29T12:39:57.000Z,2019-04-29T00:00:00.000Z,TPW PP&D,Interactive,79.79292363
1545,IMPMAP262,Protected Bike Lane,Windsor Street Protected Bikeway,Pending/Proposed,2019-04-29T12:34:10.000Z,2019-04-29T12:39:57.000Z,2019-04-29T00:00:00.000Z,TPW PP&D,Interactive,53.64789376
1546,IMPMAP246,Protected Bike Lane,Windsor Street Protected Bikeway,Pending/Proposed,2019-04-29T12:34:10.000Z,2019-04-29T12:39:57.000Z,2019-04-29T00:00:00.000Z,TPW PP&D,Interactive,252.540504
1547,IMPMAP247,Protected Bike Lane,South Park Protected Bike Lanes,In Design,2019-04-29T12:34:10.000Z,2019-04-29T12:39:56.000Z,2019-04-29T00:00:00.000Z,TPW PP&D,Interactive,32.36051108
1548,IMPMAP248,Protected Bike Lane,Macdonald Bridge Bikeway,Complete (AAA),2019-04-29T12:34:10.000Z,2019-04-29T12:39:56.000Z,2019-04-29T00:00:00.000Z,TPW PP&D,Interactive,1058.793825
1549,IMPMAP263,Protected Bike Lane,Windsor Street Protected Bikeway,Pending/Proposed,2019-04-29T12:34:10.000Z,2019-04-29T12:39:58.000Z,2019-04-29T00:00:00.000Z,TPW PP&D,Interactive,129.7591327
1550,IMPMAP264,Protected Bike Lane,Windsor Street Protected Bikeway,Pending/Proposed,2019-04-29T12:34:10.000Z,2019-04-29T12:39:58.000Z,2019-04-29T00:00:00.000Z,TPW PP&D,Interactive,114.6783164
1551,IMPMAP265,Local Street Bikeway,Pinecrest - Brule Local Street Bikeway,Pending/Proposed,2019-04-29T12:34:10.000Z,2019-04-29T12:39:57.000Z,2019-04-29T00:00:00.000Z,TPW PP&D,Interactive,571.8430822
1552,IMPMAP350,Multi-use Pathway,Bayers Rd Bikeway,In Planning,2019-04-29T12:34:10.000Z,2019-04-29T12:39:56.000Z,2019-04-29T00:00:00.000Z,TPW PP&D,Interactive,805.4479104
1553,IMPMAP351,Protected Bike Lane,Macdonald Bridge Bikeway,In Planning,2019-04-29T12:34:10.000Z,2019-04-29T12:39:56.000Z,2019-04-29T00:00:00.000Z,TPW PP&D,Interactive,146.450001
1554,IMPMAP352,Local Street Bikeway,Allan-Oak Local Street Bikeway,Under Construction,2019-04-29T12:34:10.000Z,2019-04-29T12:39:56.000Z,2019-04-29T00:00:00.000Z,TPW PP&D,Interactive,1499.582664
1555,IMPMAP353,Local Street Bikeway,Liverpool Local Street Bikeway,In Planning,2019-04-29T12:34:10.000Z,2019-04-29T12:39:57.000Z,2019-04-29T00:00:00.000Z,TPW PP&D,Interactive,1249.22492
1556,IMPMAP354,Multi-use Pathway,Ahern Multi-Use Pathway,Complete (AAA),2019-04-29T12:34:10.000Z,2019-04-29T12:39:57.000Z,2019-04-29T00:00:00.000Z,TPW PP&D,Interactive,691.9044475
1557,IMPMAP355,Protected Bike Lane,George St Protected Bike Lanes,In Planning,2019-04-29T12:34:10.000Z,2019-04-29T12:39:55.000Z,2019-04-29T00:00:00.000Z,TPW PP&D,Interactive,135.2100917
1558,IMPMAP356,Protected Bike Lane,George St Protected Bike Lanes,In Planning,2019-04-29T12:34:10.000Z,2019-04-29T12:39:55.000Z,2019-04-29T00:00:00.000Z,TPW PP&D,Interactive,149.6303604
1559,IMPMAP357,Protected Bike Lane,Cogswell Greenway Cycle Track,In Design,2019-04-29T12:34:10.000Z,2019-04-29T12:39:58.000Z,2019-04-29T00:00:00.000Z,TPW PP&D,Interactive,62.74352889
1560,IMPMAP358,Multi-use Pathway,Africville Greenway,In Planning,2019-04-29T12:34:10.000Z,2019-04-29T12:39:57.000Z,2019-04-29T00:00:00.000Z,TPW PP&D,Interactive,948.2725791
1561,IMPMAP359,Protected Bike Lane,Albro Lake Rd Protected Bike Lanes,Pending/Proposed,2019-04-29T12:34:10.000Z,2019-04-29T12:39:58.000Z,2019-04-29T00:00:00.000Z,TPW PP&D,Interactive,1711.053804
1562,IMPMAP360,Local Street Bikeway,Leaman Local Street Bikeway,Pending/Proposed,2019-04-29T12:34:10.000Z,2019-04-29T12:39:57.000Z,2019-04-29T00:00:00.000Z,TPW PP&D,Interactive,937.1995228
1563,IMPMAP361,Local Street Bikeway,Harris Rd Local Street Bikeway,Pending/Proposed,2019-04-29T12:34:10.000Z,2019-04-29T12:39:58.000Z,2019-04-29T00:00:00.000Z,TPW PP&D,Interactive,613.0477999
1564,IMPMAP362,Local Street Bikeway,Harris Rd Local Street Bikeway,Pending/Proposed,2019-04-29T12:34:10.000Z,2019-04-29T12:39:57.000Z,2019-04-29T00:00:00.000Z,TPW PP&D,Interactive,1191.289254
1565,IMPMAP363,Local Street Bikeway,Harris Rd Local Street Bikeway,Pending/Proposed,2019-04-29T12:34:10.000Z,2019-04-29T12:39:55.000Z,2019-04-29T00:00:00.000Z,TPW PP&D,Interactive,133.0847972
1566,IMPMAP364,Multi-use Pathway,Mount Hope Greenway,Complete (AAA),2019-04-29T12:34:10.000Z,2019-04-29T12:39:55.000Z,2019-04-29T00:00:00.000Z,TPW PP&D,Interactive,983.6864958
1567,IMPMAP365,Multi-use Pathway,Mount Hope Greenway,Complete (AAA),2019-04-29T12:34:10.000Z,2019-04-29T12:39:58.000Z,2019-04-29T00:00:00.000Z,TPW PP&D,Interactive,490.0424461
1568,IMPMAP366,Multi-use Pathway,Sexton Campus Green Corridor,Complete (AAA),2019-04-29T12:34:10.000Z,2019-04-29T12:39:55.000Z,2019-04-29T00:00:00.000Z,TPW PP&D,Interactive,436.5952648
1569,IMPMAP269,Local Street Bikeway,Farrell - Catherine Local Street Bikeway,Pending/Proposed,2019-04-29T12:34:10.000Z,2019-04-29T12:39:56.000Z,2019-04-29T00:00:00.000Z,TPW PP&D,Interactive,158.2141345
1570,IMPMAP266,Protected Bike Lane,Cogswell Greenway Cycle Track,In Design,2019-04-29T12:34:10.000Z,2019-04-29T12:39:57.000Z,2019-04-29T00:00:00.000Z,TPW PP&D,Interactive,314.5491799
1571,IMPMAP267,Protected Bike Lane,Cogswell Greenway Cycle Track,Pending/Proposed,2019-04-29T12:34:10.000Z,2019-04-29T12:39:56.000Z,2019-04-29T00:00:00.000Z,TPW PP&D,Interactive,161.4402888
1572,IMPMAP270,Local Street Bikeway,Farrell - Catherine Local Street Bikeway,Pending/Proposed,2019-04-29T12:34:10.000Z,2019-04-29T12:39:56.000Z,2019-04-29T00:00:00.000Z,TPW PP&D,Interactive,308.3673011
1573,IMPMAP271,Local Street Bikeway,Farrell - Catherine Local Street Bikeway,Pending/Proposed,2019-04-29T12:34:10.000Z,2019-04-29T12:39:58.000Z,2019-04-29T00:00:00.000Z,TPW PP&D,Interactive,152.1315427
1574,IMPMAP272,Local Street Bikeway,Farrell - Catherine Local Street Bikeway,Pending/Proposed,2019-04-29T12:34:10.000Z,2019-04-29T12:39:58.000Z,2019-04-29T00:00:00.000Z,TPW PP&D,Interactive,124.3900636
1575,IMPMAP275,Local Street Bikeway,George Dauphinee Local Street Bikeway,In Planning,2019-04-29T12:34:10.000Z,2019-04-29T12:39:57.000Z,2019-04-29T00:00:00.000Z,TPW PP&D,Interactive,199.7236938
1576,IMPMAP276,Protected Bike Lane,Rainnie Protected Bike Lanes,In Planning,2019-04-29T12:34:10.000Z,2019-04-29T12:39:57.000Z,2019-04-29T00:00:00.000Z,TPW PP&D,Interactive,57.18112197
1577,IMPMAP277,Protected Bike Lane,Rainnie Protected Bike Lanes,In Planning,2019-04-29T12:34:10.000Z,2019-04-29T12:39:57.000Z,2019-04-29T00:00:00.000Z,TPW PP&D,Interactive,84.33569115
1578,IMPMAP278,Protected Bike Lane,Hollis St Protected Bike Lane,In Planning,2019-04-29T12:34:10.000Z,2019-04-29T12:39:55.000Z,2019-04-29T00:00:00.000Z,TPW PP&D,Interactive,236.7101443
1579,IMPMAP279,Protected Bike Lane,Hollis St Protected Bike Lane,In Planning,2019-04-29T12:34:10.000Z,2019-04-29T12:39:57.000Z,2019-04-29T00:00:00.000Z,TPW PP&D,Interactive,283.2527148
1580,IMPMAP280,Protected Bike Lane,Hollis St Protected Bike Lane,In Planning,2019-04-29T12:34:10.000Z,2019-04-29T12:39:56.000Z,2019-04-29T00:00:00.000Z,TPW PP&D,Interactive,257.0022159
1581,IMPMAP281,Protected Bike Lane,Hollis St Protected Bike Lane,In Planning,2019-04-29T12:34:10.000Z,2019-04-29T12:39:58.000Z,2019-04-29T00:00:00.000Z,TPW PP&D,Interactive,162.5982271
1582,IMPMAP282,Protected Bike Lane,Hollis St Protected Bike Lane,In Planning,2019-04-29T12:34:10.000Z,2019-04-29T12:39:58.000Z,2019-04-29T00:00:00.000Z,TPW PP&D,Interactive,109.4947333
1583,IMPMAP284,Protected Bike Lane,Hollis St Protected Bike Lane,In Planning,2019-04-29T12:34:10.000Z,2019-04-29T12:39:58.000Z,2019-04-29T00:00:00.000Z,TPW PP&D,Interactive,205.333381
1584,IMPMAP285,Protected Bike Lane,Cogswell Greenway Cycle Track,Pending/Proposed,2019-04-29T12:34:10.000Z,2019-04-29T12:39:57.000Z,2019-04-29T00:00:00.000Z,TPW PP&D,Interactive,34.00628146
1585,IMPMAP286,Protected Bike Lane,Hollis St Protected Bike Lane,In Planning,2019-04-29T12:34:10.000Z,2019-04-29T12:39:56.000Z,2019-04-29T00:00:00.000Z,TPW PP&D,Interactive,161.6972929
1586,IMPMAP291,Protected Bike Lane,Macdonald Bridge Bikeway,In Planning,2019-04-29T12:34:10.000Z,2019-04-29T12:39:56.000Z,2019-04-29T00:00:00.000Z,TPW PP&D,Interactive,59.88643069
1587,IMPMAP288,Protected Bike Lane,University-Morris Protected Bike Lanes,In Planning,2019-04-29T12:34:10.000Z,2019-04-29T12:39:57.000Z,2019-04-29T00:00:00.000Z,TPW PP&D,Interactive,149.7690393
1588,IMPMAP289,Local Street Bikeway,North End AAA Bikeway,In Planning,2019-04-29T12:34:10.000Z,2019-04-29T12:39:58.000Z,2019-04-29T00:00:00.000Z,TPW PP&D,Interactive,249.1266591
1589,IMPMAP290,Protected Bike Lane,Macdonald Bridge Bikeway,In Planning,2019-04-29T12:34:10.000Z,2019-04-29T12:39:57.000Z,2019-04-29T00:00:00.000Z,TPW PP&D,Interactive,109.3620597
1590,IMPMAP292,Protected Bike Lane,Macdonald Bridge Bikeway,Complete (AAA),2019-04-29T12:34:10.000Z,2019-04-29T12:39:56.000Z,2019-04-29T00:00:00.000Z,TPW PP&D,Interactive,870.3442753
1591,IMPMAP293,Protected Bike Lane,Macdonald Bridge Bikeway,In Planning,2019-04-29T12:34:10.000Z,2019-04-29T12:39:55.000Z,2019-04-29T00:00:00.000Z,TPW PP&D,Interactive,39.24768016
1592,IMPMAP294,Protected Bike Lane,Macdonald Bridge Bikeway,In Planning,2019-04-29T12:34:10.000Z,2019-04-29T12:39:56.000Z,2019-04-29T00:00:00.000Z,TPW PP&D,Interactive,97.03050148
1593,IMPMAP295,Local Street Bikeway,Lyle-Shore Local Street Bikeway,In Planning,2019-04-29T12:34:10.000Z,2019-04-29T12:39:58.000Z,2019-04-29T00:00:00.000Z,TPW PP&D,Interactive,123.7255826
1594,IMPMAP296,Local Street Bikeway,Lyle-Shore Local Street Bikeway,In Planning,2019-04-29T12:34:10.000Z,2019-04-29T12:39:58.000Z,2019-04-29T00:00:00.000Z,TPW PP&D,Interactive,233.9861884
1595,IMPMAP297,Protected Bike Lane,Macdonald Bridge Bikeway,In Planning,2019-04-29T12:34:10.000Z,2019-04-29T12:39:57.000Z,2019-04-29T00:00:00.000Z,TPW PP&D,Interactive,130.8451719
1596,IMPMAP299,Multi-use Pathway,St Pats Connector Multi-Use Pathway,Complete (AAA),2019-04-29T12:34:10.000Z,2019-04-29T12:39:57.000Z,2019-04-29T00:00:00.000Z,TPW PP&D,Interactive,127.6705576
1597,IMPMAP300,Protected Bike Lane,University-Morris Protected Bike Lanes,In Planning,2019-04-29T12:34:10.000Z,2019-04-29T12:39:58.000Z,2019-04-29T00:00:00.000Z,TPW PP&D,Interactive,222.2076536
1598,IMPMAP301,Protected Bike Lane,University-Morris Protected Bike Lanes,In Planning,2019-04-29T12:34:10.000Z,2019-04-29T12:39:57.000Z,2019-04-29T00:00:00.000Z,TPW PP&D,Interactive,203.3567921
1599,IMPMAP302,Protected Bike Lane,University-Morris Protected Bike Lanes,In Planning,2019-04-29T12:34:10.000Z,2019-04-29T12:39:58.000Z,2019-04-29T00:00:00.000Z,TPW PP&D,Interactive,204.0145895
1600,IMPMAP303,Protected Bike Lane,University-Morris Protected Bike Lanes,In Planning,2019-04-29T12:34:10.000Z,2019-04-29T12:39:58.000Z,2019-04-29T00:00:00.000Z,TPW PP&D,Interactive,223.7986612
1601,IMPMAP304,Multi-use Pathway,Barrington Greenway,Complete (AAA),2019-04-29T12:34:10.000Z,2019-04-29T12:39:56.000Z,2019-04-29T00:00:00.000Z,TPW PP&D,Interactive,1064.449931
1602,IMPMAP305,Multi-use Pathway,Halifax Urban Greenway,Complete (AAA),2019-04-29T12:34:10.000Z,2019-04-29T12:39:58.000Z,2019-04-29T00:00:00.000Z,TPW PP&D,Interactive,1291.423798
1603,IMPMAP287,Protected Bike Lane,Hollis St Protected Bike Lane,In Planning,2019-04-29T12:34:10.000Z,2019-04-29T12:39:56.000Z,2019-04-29T00:00:00.000Z,TPW PP&D,Interactive,163.9185905
1604,IMPMAP309,Multi-use Pathway,Dartmouth Harbourfront Greenway,Complete (AAA),2019-04-29T12:34:10.000Z,2019-04-29T12:39:55.000Z,2019-04-29T00:00:00.000Z,TPW PP&D,Interactive,2483.44154
1605,IMPMAP306,Multi-use Pathway,Burnside Connector Greenway,Complete (AAA),2019-04-29T12:34:10.000Z,2019-04-29T12:39:56.000Z,2019-04-29T00:00:00.000Z,TPW PP&D,Interactive,963.9471368
1606,IMPMAP307,Multi-use Pathway,Dartmouth Harbourfront Greenway,Complete (AAA),2019-04-29T12:34:10.000Z,2019-04-29T12:39:58.000Z,2019-04-29T00:00:00.000Z,TPW PP&D,Interactive,386.4863936
1607,IMPMAP308,Multi-use Pathway,Dartmouth Harbourfront Greenway,Complete (AAA),2019-04-29T12:34:10.000Z,2019-04-29T12:39:55.000Z,2019-04-29T00:00:00.000Z,TPW PP&D,Interactive,215.6286109
1608,IMPMAP310,Multi-use Pathway,Baker Drive Multi-Use Pathway,Complete (AAA),2019-04-29T12:34:10.000Z,2019-04-29T12:39:58.000Z,2019-04-29T00:00:00.000Z,TPW PP&D,Interactive,1636.014189
1609,IMPMAP311,Multi-use Pathway,Chain of Lakes Trail,Complete (AAA),2019-04-29T12:34:10.000Z,2019-04-29T12:39:56.000Z,2019-04-29T00:00:00.000Z,TPW PP&D,Interactive,10339.92921
1610,IMPMAP312,Local Street Bikeway,Stuart Graham Local Street Bikeway,In Planning,2019-04-29T12:34:10.000Z,2019-04-29T12:39:56.000Z,2019-04-29T00:00:00.000Z,TPW PP&D,Interactive,14.48290948
1611,IMPMAP316,Multi-use Pathway,Dartmouth Multi-Use Trail,Complete (AAA),2019-04-29T12:34:10.000Z,2019-04-29T12:39:59.000Z,2019-04-29T00:00:00.000Z,TPW PP&D,Interactive,2934.112916
1612,IMPMAP313,Multi-use Pathway,Burnside Connector Greenway,Complete (AAA),2019-04-29T12:34:10.000Z,2019-04-29T12:39:56.000Z,2019-04-29T00:00:00.000Z,TPW PP&D,Interactive,225.6072729
1613,IMPMAP314,Local Street Bikeway,Leaman Local Street Bikeway,Pending/Proposed,2019-04-29T12:34:10.000Z,2019-04-29T12:39:57.000Z,2019-04-29T00:00:00.000Z,TPW PP&D,Interactive,75.81337058
1614,IMPMAP317,Multi-use Pathway,Dartmouth Harbourfront Greenway,Complete (AAA),2019-04-29T12:34:10.000Z,2019-04-29T12:39:59.000Z,2019-04-29T00:00:00.000Z,TPW PP&D,Interactive,235.1369324
1615,IMPMAP318,Multi-use Pathway,Dartmouth Common Pathways,Complete (AAA),2019-04-29T12:34:10.000Z,2019-04-29T12:39:57.000Z,2019-04-29T00:00:00.000Z,TPW PP&D,Interactive,236.19708
1616,IMPMAP320,Multi-use Pathway,Dartmouth Multi-Use Trail,Pending/Proposed,2019-04-29T12:34:10.000Z,2019-04-29T12:39:56.000Z,2019-04-29T00:00:00.000Z,TPW PP&D,Interactive,991.6550294
1617,IMPMAP321,Multi-use Pathway,Dartmouth Multi-Use Trail,Pending/Proposed,2019-04-29T12:34:10.000Z,2019-04-29T12:39:57.000Z,2019-04-29T00:00:00.000Z,TPW PP&D,Interactive,771.7640783
1618,IMPMAP322,Multi-use Pathway,Dartmouth Multi-Use Trail,Pending/Proposed,2019-04-29T12:34:10.000Z,2019-04-29T12:39:56.000Z,2019-04-29T00:00:00.000Z,TPW PP&D,Interactive,31.83288752
1619,IMPMAP323,Local Street Bikeway,Slayter Local Street Bikeway,Pending/Proposed,2019-04-29T12:34:10.000Z,2019-04-29T12:39:58.000Z,2019-04-29T00:00:00.000Z,TPW PP&D,Interactive,61.60915254
1620,IMPMAP324,Local Street Bikeway,Slayter Local Street Bikeway,Pending/Proposed,2019-04-29T12:34:10.000Z,2019-04-29T12:39:56.000Z,2019-04-29T00:00:00.000Z,TPW PP&D,Interactive,374.2234474
1621,IMPMAP325,Local Street Bikeway,Dahlia Local Street Bikeway,Pending/Proposed,2019-04-29T12:34:10.000Z,2019-04-29T12:39:55.000Z,2019-04-29T00:00:00.000Z,TPW PP&D,Interactive,231.9054926
1622,IMPMAP326,Multi-use Pathway,Dartmouth Multi-Use Trail,Pending/Proposed,2019-04-29T12:34:10.000Z,2019-04-29T12:39:56.000Z,2019-04-29T00:00:00.000Z,TPW PP&D,Interactive,101.6259745
1623,IMPMAP327,Local Street Bikeway,Dahlia Local Street Bikeway,Pending/Proposed,2019-04-29T12:34:10.000Z,2019-04-29T12:39:57.000Z,2019-04-29T00:00:00.000Z,TPW PP&D,Interactive,135.6204957
1624,IMPMAP328,Multi-use Pathway,Dartmouth Common Pathways,Complete (AAA),2019-04-29T12:34:10.000Z,2019-04-29T12:39:55.000Z,2019-04-29T00:00:00.000Z,TPW PP&D,Interactive,449.6637554
1625,IMPMAP332,Multi-use Pathway,Victoria Rd AT Overpass,Complete (AAA),2019-04-29T12:34:10.000Z,2019-04-29T12:39:56.000Z,2019-04-29T00:00:00.000Z,TPW PP&D,Interactive,201.5906789
1626,IMPMAP329,Multi-use Pathway,Dartmouth Common Pathways,Complete (AAA),2019-04-29T12:34:10.000Z,2019-04-29T12:39:56.000Z,2019-04-29T00:00:00.000Z,TPW PP&D,Interactive,309.3670165
1627,IMPMAP330,Multi-use Pathway,Burnside Connector Greenway,Complete (AAA),2019-04-29T12:34:10.000Z,2019-04-29T12:39:55.000Z,2019-04-29T00:00:00.000Z,TPW PP&D,Interactive,140.4076217
1628,IMPMAP331,Multi-use Pathway,Burnside Connector Greenway,Complete (AAA),2019-04-29T12:34:10.000Z,2019-04-29T12:39:57.000Z,2019-04-29T00:00:00.000Z,TPW PP&D,Interactive,567.6892721
1629,IMPMAP333,Local Street Bikeway,Lyle-Shore Local Street Bikeway,In Planning,2019-04-29T12:34:10.000Z,2019-04-29T12:39:57.000Z,2019-04-29T00:00:00.000Z,TPW PP&D,Interactive,185.441639
1630,IMPMAP334,Multi-use Pathway,Penhorn Greenway,In Planning,2019-04-29T12:34:10.000Z,2019-04-29T12:39:57.000Z,2019-04-29T00:00:00.000Z,TPW PP&D,Interactive,904.0130292
1631,IMPMAP335,Multi-use Pathway,Bayers Rd Bikeway,In Design,2019-04-29T12:34:10.000Z,2019-04-29T12:39:56.000Z,2019-04-29T00:00:00.000Z,TPW PP&D,Interactive,290.2200899
1632,IMPMAP336,Local Street Bikeway,George Dauphinee Local Street Bikeway,In Planning,2019-04-29T12:34:10.000Z,2019-04-29T12:39:59.000Z,2019-04-29T00:00:00.000Z,TPW PP&D,Interactive,223.8519246
1633,IMPMAP337,Protected Bike Lane,Dalhousie Studley Campus Bikeway Connection,In Planning,2019-04-29T12:34:10.000Z,2019-04-29T12:39:57.000Z,2019-04-29T00:00:00.000Z,TPW PP&D,Interactive,510.1741014
1634,IMPMAP338,Protected Bike Lane,Rainnie Protected Bike Lanes,In Planning,2019-04-29T12:34:10.000Z,2019-04-29T12:39:58.000Z,2019-04-29T00:00:00.000Z,TPW PP&D,Interactive,117.7389031
1635,IMPMAP339,Protected Bike Lane,Rainnie Protected Bike Lanes,In Planning,2019-04-29T12:34:10.000Z,2019-04-29T12:39:57.000Z,2019-04-29T00:00:00.000Z,TPW PP&D,Interactive,30.42296432
1636,IMPMAP341,Protected Bike Lane,Welsford Bikeway,In Planning,2019-04-29T12:34:10.000Z,2019-04-29T12:39:58.000Z,2019-04-29T00:00:00.000Z,TPW PP&D,Interactive,27.62646231
1637,IMPMAP342,Protected Bike Lane,Quingate Place Bikeway,In Planning,2019-04-29T12:34:10.000Z,2019-04-29T12:39:58.000Z,2019-04-29T00:00:00.000Z,TPW PP&D,Interactive,34.68123035
1638,IMPMAP343,Protected Bike Lane,Upper Water St Bikeway aka Cogswell District Bikeways,In Design,2019-04-29T12:34:10.000Z,2019-04-29T12:39:55.000Z,2019-04-29T00:00:00.000Z,TPW PP&D,Interactive,30.35856993
1639,IMPMAP344,Protected Bike Lane,North End AAA Bikeway,In Planning,2019-04-29T12:34:10.000Z,2019-04-29T12:39:57.000Z,2019-04-29T00:00:00.000Z,TPW PP&D,Interactive,184.1157535
1640,IMPMAP345,Multi-use Pathway,Woodside Ferry Terminal Connector,Pending/Proposed,2019-04-29T12:34:10.000Z,2019-04-29T12:39:58.000Z,2019-04-29T00:00:00.000Z,TPW PP&D,Interactive,195.503474
1641,IMPMAP346,Multi-use Pathway,Shubie Canal Greenway,Pending/Proposed,2019-04-29T12:34:10.000Z,2019-04-29T12:39:58.000Z,2019-04-29T00:00:00.000Z,TPW PP&D,Interactive,473.9262816
1642,IMPMAP347,Multi-use Pathway,Shubie Canal Greenway,Pending/Proposed,2019-04-29T12:34:10.000Z,2019-04-29T12:39:58.000Z,2019-04-29T00:00:00.000Z,TPW PP&D,Interactive,672.7373698
1643,IMPMAP348,Multi-use Pathway,Shubie Canal Greenway,Pending/Proposed,2019-04-29T12:34:10.000Z,2019-04-29T12:39:58.000Z,2019-04-29T00:00:00.000Z,TPW PP&D,Interactive,534.9437995
1644,IMPMAP349,Multi-use Pathway,Shubie Canal Greenway,Complete (AAA),2019-04-29T12:34:10.000Z,2019-04-29T12:39:57.000Z,2019-04-29T00:00:00.000Z,TPW PP&D,Interactive,1339.31586
1645,IMPMAP151,Local Street Bikeway,North End AAA Bikeway,In Planning,2019-04-29T12:34:10.000Z,2019-04-29T12:39:56.000Z,2019-04-29T00:00:00.000Z,TPW PP&D,Interactive,123.8143445
1646,IMPMAP148,Protected Bike Lane,South Park Protected Bike Lanes,In Design,2019-04-29T12:34:10.000Z,2019-04-29T12:39:59.000Z,2019-04-29T00:00:00.000Z,TPW PP&D,Interactive,166.0145236
1647,IMPMAP149,Protected Bike Lane,University-Morris Protected Bike Lanes,In Planning,2019-04-29T12:34:10.000Z,2019-04-29T12:39:59.000Z,2019-04-29T00:00:00.000Z,TPW PP&D,Interactive,73.82218537
1648,IMPMAP150,Protected Bike Lane,Brunswick St Protected Bike Lanes,In Planning,2019-04-29T12:34:10.000Z,2019-04-29T12:39:58.000Z,2019-04-29T00:00:00.000Z,TPW PP&D,Interactive,72.93973359
1649,IMPMAP152,Protected Bike Lane,Windsor Street Protected Bikeway,Pending/Proposed,2019-04-29T12:34:10.000Z,2019-04-29T12:39:56.000Z,2019-04-29T00:00:00.000Z,TPW PP&D,Interactive,107.7137472
1650,IMPMAP153,Local Street Bikeway,North End AAA Bikeway,In Planning,2019-04-29T12:34:10.000Z,2019-04-29T12:39:57.000Z,2019-04-29T00:00:00.000Z,TPW PP&D,Interactive,119.8379747
1651,IMPMAP154,Protected Bike Lane,Almon St Protected Bike Lanes,In Planning,2019-04-29T12:34:10.000Z,2019-04-29T12:39:58.000Z,2019-04-29T00:00:00.000Z,TPW PP&D,Interactive,197.9524048
1652,IMPMAP147,Local Street Bikeway,North End AAA Bikeway,In Planning,2019-04-29T12:34:10.000Z,2019-04-29T12:39:57.000Z,2019-04-29T00:00:00.000Z,TPW PP&D,Interactive,40.74634199
1653,IMPMAP155,Protected Bike Lane,University-Morris Protected Bike Lanes,In Planning,2019-04-29T12:34:10.000Z,2019-04-29T12:39:58.000Z,2019-04-29T00:00:00.000Z,TPW PP&D,Interactive,30.6526734
1654,IMPMAP156,Local Street Bikeway,Slayter Local Street Bikeway,Pending/Proposed,2019-04-29T12:34:10.000Z,2019-04-29T12:39:56.000Z,2019-04-29T00:00:00.000Z,TPW PP&D,Interactive,100.8935085
1655,IMPMAP157,Local Street Bikeway,North End AAA Bikeway,In Planning,2019-04-29T12:34:10.000Z,2019-04-29T12:39:56.000Z,2019-04-29T00:00:00.000Z,TPW PP&D,Interactive,32.30175531
1656,IMPMAP158,Local Street Bikeway,Lyle-Shore Local Street Bikeway,In Planning,2019-04-29T12:34:10.000Z,2019-04-29T12:39:56.000Z,2019-04-29T00:00:00.000Z,TPW PP&D,Interactive,196.7538023
1657,IMPMAP159,Local Street Bikeway,North End AAA Bikeway,In Planning,2019-04-29T12:34:10.000Z,2019-04-29T12:39:58.000Z,2019-04-29T00:00:00.000Z,TPW PP&D,Interactive,41.11670707
1658,IMPMAP161,Protected Bike Lane,University-Morris Protected Bike Lanes,In Planning,2019-04-29T12:34:10.000Z,2019-04-29T12:39:57.000Z,2019-04-29T00:00:00.000Z,TPW PP&D,Interactive,80.93777394
1659,IMPMAP162,Protected Bike Lane,Bell Road Bikeway,In Planning,2019-04-29T12:34:10.000Z,2019-04-29T12:39:56.000Z,2019-04-29T00:00:00.000Z,TPW PP&D,Interactive,357.9401809
1660,IMPMAP163,Protected Bike Lane,Wyse Rd Protected Bike Lanes,In Design,2019-04-29T12:34:10.000Z,2019-04-29T12:39:57.000Z,2019-04-29T00:00:00.000Z,TPW PP&D,Interactive,43.37091753
1661,IMPMAP164,Protected Bike Lane,University-Morris Protected Bike Lanes,In Planning,2019-04-29T12:34:10.000Z,2019-04-29T12:39:58.000Z,2019-04-29T00:00:00.000Z,TPW PP&D,Interactive,30.16427647
1662,IMPMAP165,Protected Bike Lane,University-Morris Protected Bike Lanes,In Planning,2019-04-29T12:34:10.000Z,2019-04-29T12:39:57.000Z,2019-04-29T00:00:00.000Z,TPW PP&D,Interactive,115.8553206
1663,IMPMAP166,Protected Bike Lane,University-Morris Protected Bike Lanes,In Planning,2019-04-29T12:34:10.000Z,2019-04-29T12:39:58.000Z,2019-04-29T00:00:00.000Z,TPW PP&D,Interactive,209.2178355
1664,IMPMAP171,Protected Bike Lane,Wyse Rd Protected Bike Lanes,In Design,2019-04-29T12:34:10.000Z,2019-04-29T12:39:57.000Z,2019-04-29T00:00:00.000Z,TPW PP&D,Interactive,109.0057359
1665,IMPMAP169,Multi-use Pathway,Alderney Greenway Connection,Pending/Proposed,2019-04-29T12:34:10.000Z,2019-04-29T12:39:58.000Z,2019-04-29T00:00:00.000Z,TPW PP&D,Interactive,47.21980789
1666,IMPMAP170,Protected Bike Lane,Wyse Rd Protected Bike Lanes,In Design,2019-04-29T12:34:10.000Z,2019-04-29T12:39:56.000Z,2019-04-29T00:00:00.000Z,TPW PP&D,Interactive,160.2078662
1667,IMPMAP173,Protected Bike Lane,Wyse Rd Protected Bike Lanes,In Design,2019-04-29T12:34:10.000Z,2019-04-29T12:39:56.000Z,2019-04-29T00:00:00.000Z,TPW PP&D,Interactive,70.94453718
1668,IMPMAP174,Protected Bike Lane,Wyse Rd Protected Bike Lanes,In Design,2019-04-29T12:34:10.000Z,2019-04-29T12:39:57.000Z,2019-04-29T00:00:00.000Z,TPW PP&D,Interactive,23.86531427
1669,IMPMAP175,Protected Bike Lane,Wyse Rd Protected Bike Lanes,In Design,2019-04-29T12:34:10.000Z,2019-04-29T12:39:56.000Z,2019-04-29T00:00:00.000Z,TPW PP&D,Interactive,19.6455747
1670,IMPMAP176,Protected Bike Lane,Wyse Rd Protected Bike Lanes,In Design,2019-04-29T12:34:10.000Z,2019-04-29T12:39:57.000Z,2019-04-29T00:00:00.000Z,TPW PP&D,Interactive,81.26170951
1671,IMPMAP178,Protected Bike Lane,Wyse Rd Protected Bike Lanes,In Design,2019-04-29T12:34:10.000Z,2019-04-29T12:39:58.000Z,2019-04-29T00:00:00.000Z,TPW PP&D,Interactive,70.77118118
1672,IMPMAP179,Protected Bike Lane,Wyse Rd Protected Bike Lanes,In Design,2019-04-29T12:34:10.000Z,2019-04-29T12:39:57.000Z,2019-04-29T00:00:00.000Z,TPW PP&D,Interactive,22.18202278
1673,IMPMAP180,Protected Bike Lane,Wyse Rd Protected Bike Lanes,In Design,2019-04-29T12:34:10.000Z,2019-04-29T12:39:56.000Z,2019-04-29T00:00:00.000Z,TPW PP&D,Interactive,41.33076993
1674,IMPMAP182,Local Street Bikeway,North End AAA Bikeway,In Planning,2019-04-29T12:34:10.000Z,2019-04-29T12:39:58.000Z,2019-04-29T00:00:00.000Z,TPW PP&D,Interactive,108.8732792
1675,IMPMAP184,Local Street Bikeway,North End AAA Bikeway,In Planning,2019-04-29T12:34:10.000Z,2019-04-29T12:39:57.000Z,2019-04-29T00:00:00.000Z,TPW PP&D,Interactive,37.61984533
1676,IMPMAP185,Protected Bike Lane,Upper Water St Bikeway aka Cogswell District Bikeways,In Design,2019-04-29T12:34:10.000Z,2019-04-29T12:39:56.000Z,2019-04-29T00:00:00.000Z,TPW PP&D,Interactive,219.5530068
1677,IMPMAP186,Protected Bike Lane,University-Morris Protected Bike Lanes,In Planning,2019-04-29T12:34:10.000Z,2019-04-29T12:39:58.000Z,2019-04-29T00:00:00.000Z,TPW PP&D,Interactive,72.12930109
1678,IMPMAP187,Protected Bike Lane,South Park Protected Bike Lanes,In Design,2019-04-29T12:34:10.000Z,2019-04-29T12:39:57.000Z,2019-04-29T00:00:00.000Z,TPW PP&D,Interactive,121.9044181
1679,IMPMAP188,Multi-use Pathway,Mount Hope Greenway,Complete (AAA),2019-04-29T12:34:10.000Z,2019-04-29T12:39:57.000Z,2019-04-29T00:00:00.000Z,TPW PP&D,Interactive,148.6583684
1680,IMPMAP192,Local Street Bikeway,North End AAA Bikeway,In Planning,2019-04-29T12:34:10.000Z,2019-04-29T12:39:56.000Z,2019-04-29T00:00:00.000Z,TPW PP&D,Interactive,99.92054172
1681,IMPMAP189,Multi-use Pathway,Mount Hope Greenway,Complete (AAA),2019-04-29T12:34:10.000Z,2019-04-29T12:39:58.000Z,2019-04-29T00:00:00.000Z,TPW PP&D,Interactive,930.0993125
1682,IMPMAP190,Protected Bike Lane,Upper Water St Bikeway aka Cogswell District Bikeways,In Design,2019-04-29T12:34:10.000Z,2019-04-29T12:39:58.000Z,2019-04-29T00:00:00.000Z,TPW PP&D,Interactive,199.3396878
1683,IMPMAP191,Protected Bike Lane,University-Morris Protected Bike Lanes,In Planning,2019-04-29T12:34:10.000Z,2019-04-29T12:39:59.000Z,2019-04-29T00:00:00.000Z,TPW PP&D,Interactive,39.7587374
1684,IMPMAP193,Protected Bike Lane,Almon St Protected Bike Lanes,In Planning,2019-04-29T12:34:10.000Z,2019-04-29T12:39:57.000Z,2019-04-29T00:00:00.000Z,TPW PP&D,Interactive,197.9193132
1685,IMPMAP194,Local Street Bikeway,Lyle-Shore Local Street Bikeway,In Planning,2019-04-29T12:34:10.000Z,2019-04-29T12:39:57.000Z,2019-04-29T00:00:00.000Z,TPW PP&D,Interactive,277.231794
1686,IMPMAP195,Local Street Bikeway,North End AAA Bikeway,In Planning,2019-04-29T12:34:10.000Z,2019-04-29T12:39:57.000Z,2019-04-29T00:00:00.000Z,TPW PP&D,Interactive,41.79706613
1687,IMPMAP196,Local Street Bikeway,North End AAA Bikeway,In Planning,2019-04-29T12:34:10.000Z,2019-04-29T12:39:57.000Z,2019-04-29T00:00:00.000Z,TPW PP&D,Interactive,62.76519353
1688,IMPMAP197,Local Street Bikeway,Vernon-Seymour Local Street Bikeway,Under Construction,2019-04-29T12:34:10.000Z,2019-04-29T12:39:56.000Z,2019-04-29T00:00:00.000Z,TPW PP&D,Interactive,160.9391222
1689,IMPMAP198,Protected Bike Lane,Almon St Protected Bike Lanes,In Planning,2019-04-29T12:34:10.000Z,2019-04-29T12:39:57.000Z,2019-04-29T00:00:00.000Z,TPW PP&D,Interactive,196.354236
1690,IMPMAP199,Local Street Bikeway,North End AAA Bikeway,In Planning,2019-04-29T12:34:10.000Z,2019-04-29T12:39:59.000Z,2019-04-29T00:00:00.000Z,TPW PP&D,Interactive,140.2456534
1691,IMPMAP201,Protected Bike Lane,Quingate Place Bikeway,In Planning,2019-04-29T12:34:10.000Z,2019-04-29T12:39:56.000Z,2019-04-29T00:00:00.000Z,TPW PP&D,Interactive,145.5089523
1692,IMPMAP202,Local Street Bikeway,Slayter Local Street Bikeway,Pending/Proposed,2019-04-29T12:34:10.000Z,2019-04-29T12:39:55.000Z,2019-04-29T00:00:00.000Z,TPW PP&D,Interactive,93.25864834
1693,IMPMAP203,Protected Bike Lane,Windsor Street Protected Bikeway,Pending/Proposed,2019-04-29T12:34:10.000Z,2019-04-29T12:39:55.000Z,2019-04-29T00:00:00.000Z,TPW PP&D,Interactive,44.92169903
1694,IMPMAP204,Protected Bike Lane,Windsor Street Protected Bikeway,Pending/Proposed,2019-04-29T12:34:10.000Z,2019-04-29T12:39:58.000Z,2019-04-29T00:00:00.000Z,TPW PP&D,Interactive,116.7372285
1695,IMPMAP205,Protected Bike Lane,Windsor Street Protected Bikeway,Pending/Proposed,2019-04-29T12:34:10.000Z,2019-04-29T12:39:55.000Z,2019-04-29T00:00:00.000Z,TPW PP&D,Interactive,144.4471076
1696,IMPMAP206,Protected Bike Lane,Welsford Bikeway,In Planning,2019-04-29T12:34:10.000Z,2019-04-29T12:39:59.000Z,2019-04-29T00:00:00.000Z,TPW PP&D,Interactive,93.74419045
1697,IMPMAP207,Local Street Bikeway,Stuart Graham Local Street Bikeway,In Planning,2019-04-29T12:34:10.000Z,2019-04-29T12:39:55.000Z,2019-04-29T00:00:00.000Z,TPW PP&D,Interactive,109.60407
1698,IMPMAP208,Multi-use Pathway,Dartmouth Multi-Use Trail,Pending/Proposed,2019-04-29T12:34:10.000Z,2019-04-29T12:39:56.000Z,2019-04-29T00:00:00.000Z,TPW PP&D,Interactive,47.80760719
1699,IMPMAP209,Protected Bike Lane,Wyse Rd Protected Bike Lanes,In Design,2019-04-29T12:34:10.000Z,2019-04-29T12:39:58.000Z,2019-04-29T00:00:00.000Z,TPW PP&D,Interactive,111.3938768
1700,IMPMAP210,Protected Bike Lane,Wyse Rd Protected Bike Lanes,In Design,2019-04-29T12:34:10.000Z,2019-04-29T12:39:56.000Z,2019-04-29T00:00:00.000Z,TPW PP&D,Interactive,164.2917473
1701,IMPMAP211,Multi-use Pathway,Alderney Greenway Connection,Pending/Proposed,2019-04-29T12:34:10.000Z,2019-04-29T12:39:58.000Z,2019-04-29T00:00:00.000Z,TPW PP&D,Interactive,119.4520622
1702,IMPMAP212,Protected Bike Lane,Wyse Rd Protected Bike Lanes,In Design,2019-04-29T12:34:10.000Z,2019-04-29T12:39:57.000Z,2019-04-29T00:00:00.000Z,TPW PP&D,Interactive,71.57225768
1703,IMPMAP214,Protected Bike Lane,Wyse Rd Protected Bike Lanes,In Design,2019-04-29T12:34:10.000Z,2019-04-29T12:39:57.000Z,2019-04-29T00:00:00.000Z,TPW PP&D,Interactive,79.58997828
1704,IMPMAP215,Protected Bike Lane,Windsor Street Protected Bikeway,Pending/Proposed,2019-04-29T12:34:10.000Z,2019-04-29T12:39:56.000Z,2019-04-29T00:00:00.000Z,TPW PP&D,Interactive,113.7827029
1705,IMPMAP216,Protected Bike Lane,Windsor Street Protected Bikeway,Pending/Proposed,2019-04-29T12:34:10.000Z,2019-04-29T12:39:58.000Z,2019-04-29T00:00:00.000Z,TPW PP&D,Interactive,189.6773344
1706,IMPMAP217,Protected Bike Lane,Windsor Street Protected Bikeway,Pending/Proposed,2019-04-29T12:34:10.000Z,2019-04-29T12:39:56.000Z,2019-04-29T00:00:00.000Z,TPW PP&D,Interactive,109.8741302
1707,IMPMAP218,Protected Bike Lane,Windsor Street Protected Bikeway,Pending/Proposed,2019-04-29T12:34:10.000Z,2019-04-29T12:39:58.000Z,2019-04-29T00:00:00.000Z,TPW PP&D,Interactive,56.30766489
1708,IMPMAP219,Protected Bike Lane,Windsor Street Protected Bikeway,Pending/Proposed,2019-04-29T12:34:10.000Z,2019-04-29T12:39:58.000Z,2019-04-29T00:00:00.000Z,TPW PP&D,Interactive,65.60700046
1709,IMPMAP220,Protected Bike Lane,South Park Protected Bike Lanes,In Design,2019-04-29T12:34:10.000Z,2019-04-29T12:39:58.000Z,2019-04-29T00:00:00.000Z,TPW PP&D,Interactive,356.610201
1710,IMPMAP221,Protected Bike Lane,Windsor Street Protected Bikeway,Pending/Proposed,2019-04-29T12:34:10.000Z,2019-04-29T12:39:56.000Z,2019-04-29T00:00:00.000Z,TPW PP&D,Interactive,193.6476821
1711,IMPMAP222,Protected Bike Lane,Windsor Street Protected Bikeway,Pending/Proposed,2019-04-29T12:34:10.000Z,2019-04-29T12:39:56.000Z,2019-04-29T00:00:00.000Z,TPW PP&D,Interactive,110.2585081
1712,IMPMAP223,Local Street Bikeway,North End AAA Bikeway,In Planning,2019-04-29T12:34:10.000Z,2019-04-29T12:39:58.000Z,2019-04-29T00:00:00.000Z,TPW PP&D,Interactive,49.69845284
1713,IMPMAP224,Protected Bike Lane,Windsor Street Protected Bikeway,Pending/Proposed,2019-04-29T12:34:10.000Z,2019-04-29T12:39:56.000Z,2019-04-29T00:00:00.000Z,TPW PP&D,Interactive,55.00635144
1714,IMPMAP225,Protected Bike Lane,Windsor Street Protected Bikeway,Pending/Proposed,2019-04-29T12:34:10.000Z,2019-04-29T12:39:58.000Z,2019-04-29T00:00:00.000Z,TPW PP&D,Interactive,116.5530078
1715,IMPMAP226,Protected Bike Lane,Windsor Street Protected Bikeway,Pending/Proposed,2019-04-29T12:34:10.000Z,2019-04-29T12:39:56.000Z,2019-04-29T00:00:00.000Z,TPW PP&D,Interactive,57.67729481
1716,IMPMAP227,Local Street Bikeway,Peter Lowe Local Street Bikeway,In Planning,2019-04-29T12:34:10.000Z,2019-04-29T12:39:56.000Z,2019-04-29T00:00:00.000Z,TPW PP&D,Interactive,110.867314
1717,IMPMAP228,Local Street Bikeway,Peter Lowe Local Street Bikeway,In Planning,2019-04-29T12:34:10.000Z,2019-04-29T12:39:59.000Z,2019-04-29T00:00:00.000Z,TPW PP&D,Interactive,113.9139548
1718,IMPMAP229,Protected Bike Lane,Welsford Bikeway,In Planning,2019-04-29T12:34:10.000Z,2019-04-29T12:39:58.000Z,2019-04-29T00:00:00.000Z,TPW PP&D,Interactive,117.5314214
1719,IMPMAP230,Local Street Bikeway,Peter Lowe Local Street Bikeway,In Planning,2019-04-29T12:34:10.000Z,2019-04-29T12:39:56.000Z,2019-04-29T00:00:00.000Z,TPW PP&D,Interactive,117.8757121
1720,IMPMAP234,Local Street Bikeway,True North Crescent Local Street Bikeway,Pending/Proposed,2019-04-29T12:34:10.000Z,2019-04-29T12:39:56.000Z,2019-04-29T00:00:00.000Z,TPW PP&D,Interactive,279.1388821
1721,IMPMAP231,Local Street Bikeway,William Hunt Local Street Bikeway,In Planning,2019-04-29T12:34:10.000Z,2019-04-29T12:39:56.000Z,2019-04-29T00:00:00.000Z,TPW PP&D,Interactive,98.87173723
1722,IMPMAP232,Local Street Bikeway,Peter Lowe Local Street Bikeway,In Planning,2019-04-29T12:34:10.000Z,2019-04-29T12:39:57.000Z,2019-04-29T00:00:00.000Z,TPW PP&D,Interactive,113.4763518
1723,IMPMAP233,Protected Bike Lane,Windsor Street Protected Bikeway,Pending/Proposed,2019-04-29T12:34:10.000Z,2019-04-29T12:39:55.000Z,2019-04-29T00:00:00.000Z,TPW PP&D,Interactive,62.0182141
1724,IMPMAP235,Protected Bike Lane,South St Protected Bike Lanes,In Planning,2019-04-29T12:34:10.000Z,2019-04-29T12:39:55.000Z,2019-04-29T00:00:00.000Z,TPW PP&D,Interactive,34.90785559
1725,IMPMAP236,Protected Bike Lane,Upper Water St Bikeway aka Cogswell District Bikeways,In Design,2019-04-29T12:34:10.000Z,2019-04-29T12:39:57.000Z,2019-04-29T00:00:00.000Z,TPW PP&D,Interactive,51.62551035
1726,IMPMAP237,Protected Bike Lane,Hollis St Protected Bike Lane,In Planning,2019-04-29T12:34:10.000Z,2019-04-29T12:39:58.000Z,2019-04-29T00:00:00.000Z,TPW PP&D,Interactive,25.49181367
1727,IMPMAP238,Protected Bike Lane,South Park Protected Bike Lanes,In Design,2019-04-29T12:34:10.000Z,2019-04-29T12:39:55.000Z,2019-04-29T00:00:00.000Z,TPW PP&D,Interactive,162.6926687
1728,IMPMAP239,Protected Bike Lane,Windsor Street Protected Bikeway,Pending/Proposed,2019-04-29T12:34:10.000Z,2019-04-29T12:39:56.000Z,2019-04-29T00:00:00.000Z,TPW PP&D,Interactive,51.97556364
1729,IMPMAP240,Protected Bike Lane,Macdonald Bridge Bikeway,In Design,2019-04-29T12:34:10.000Z,2019-04-29T12:39:56.000Z,2019-04-29T00:00:00.000Z,TPW PP&D,Interactive,71.64637495
1730,IMPMAP241,Protected Bike Lane,Windsor Street Protected Bikeway,Pending/Proposed,2019-04-29T12:34:10.000Z,2019-04-29T12:39:55.000Z,2019-04-29T00:00:00.000Z,TPW PP&D,Interactive,60.38345256
1731,IMPMAP242,Protected Bike Lane,Windsor Street Protected Bikeway,Pending/Proposed,2019-04-29T12:34:10.000Z,2019-04-29T12:39:55.000Z,2019-04-29T00:00:00.000Z,TPW PP&D,Interactive,56.39985525
1732,IMPMAP243,Protected Bike Lane,Macdonald Bridge Bikeway,In Design,2019-04-29T12:34:10.000Z,2019-04-29T12:39:56.000Z,2019-04-29T00:00:00.000Z,TPW PP&D,Interactive,179.2706246
1733,IMPMAP244,Protected Bike Lane,Windsor Street Protected Bikeway,Pending/Proposed,2019-04-29T12:34:10.000Z,2019-04-29T12:39:56.000Z,2019-04-29T00:00:00.000Z,TPW PP&D,Interactive,146.8130753
1734,IMPMAP245,Protected Bike Lane,South Park Protected Bike Lanes,In Design,2019-04-29T12:34:10.000Z,2019-04-29T12:39:58.000Z,2019-04-29T00:00:00.000Z,TPW PP&D,Interactive,202.2015278
1735,IMPMAP128,Local Street Bikeway,North End AAA Bikeway,In Planning,2019-04-29T12:34:10.000Z,2019-04-29T12:39:57.000Z,2019-04-29T00:00:00.000Z,TPW PP&D,Interactive,175.5086823
1736,IMPMAP125,Protected Bike Lane,Almon St Protected Bike Lanes,In Planning,2019-04-29T12:34:10.000Z,2019-04-29T12:39:55.000Z,2019-04-29T00:00:00.000Z,TPW PP&D,Interactive,137.7643807
1737,IMPMAP126,Multi-use Pathway,Alderney Greenway Connection,Pending/Proposed,2019-04-29T12:34:10.000Z,2019-04-29T12:39:57.000Z,2019-04-29T00:00:00.000Z,TPW PP&D,Interactive,150.5222671
1738,IMPMAP127,Local Street Bikeway,North End AAA Bikeway,In Planning,2019-04-29T12:34:10.000Z,2019-04-29T12:39:58.000Z,2019-04-29T00:00:00.000Z,TPW PP&D,Interactive,140.7050651
1739,IMPMAP129,Protected Bike Lane,Brunswick St Protected Bike Lanes,In Planning,2019-04-29T12:34:10.000Z,2019-04-29T12:39:58.000Z,2019-04-29T00:00:00.000Z,TPW PP&D,Interactive,272.0305739
1740,IMPMAP130,Protected Bike Lane,Brunswick St Protected Bike Lanes,In Planning,2019-04-29T12:34:10.000Z,2019-04-29T12:39:57.000Z,2019-04-29T00:00:00.000Z,TPW PP&D,Interactive,116.7661311
1741,IMPMAP131,Local Street Bikeway,North End AAA Bikeway,In Planning,2019-04-29T12:34:10.000Z,2019-04-29T12:39:58.000Z,2019-04-29T00:00:00.000Z,TPW PP&D,Interactive,161.5835522
1742,IMPMAP132,Protected Bike Lane,Quingate Place Bikeway,In Planning,2019-04-29T12:34:10.000Z,2019-04-29T12:39:57.000Z,2019-04-29T00:00:00.000Z,TPW PP&D,Interactive,145.3726377
1743,IMPMAP133,Local Street Bikeway,Lyle-Shore Local Street Bikeway,In Planning,2019-04-29T12:34:10.000Z,2019-04-29T12:39:56.000Z,2019-04-29T00:00:00.000Z,TPW PP&D,Interactive,150.9411615
1744,IMPMAP134,Local Street Bikeway,North End AAA Bikeway,In Planning,2019-04-29T12:34:10.000Z,2019-04-29T12:39:55.000Z,2019-04-29T00:00:00.000Z,TPW PP&D,Interactive,81.15547334
1745,IMPMAP135,Protected Bike Lane,Windsor Street Protected Bikeway,Pending/Proposed,2019-04-29T12:34:10.000Z,2019-04-29T12:39:56.000Z,2019-04-29T00:00:00.000Z,TPW PP&D,Interactive,20.94082119
1746,IMPMAP136,Local Street Bikeway,North End AAA Bikeway,In Planning,2019-04-29T12:34:10.000Z,2019-04-29T12:39:55.000Z,2019-04-29T00:00:00.000Z,TPW PP&D,Interactive,33.13349634
1747,IMPMAP137,Local Street Bikeway,North End AAA Bikeway,In Planning,2019-04-29T12:34:10.000Z,2019-04-29T12:39:56.000Z,2019-04-29T00:00:00.000Z,TPW PP&D,Interactive,42.43581848
1748,IMPMAP138,Protected Bike Lane,Windsor Street Protected Bikeway,Pending/Proposed,2019-04-29T12:34:10.000Z,2019-04-29T12:39:58.000Z,2019-04-29T00:00:00.000Z,TPW PP&D,Interactive,266.9464748
1749,IMPMAP139,Local Street Bikeway,Vernon-Seymour Local Street Bikeway,Under Construction,2019-04-29T12:34:10.000Z,2019-04-29T12:39:56.000Z,2019-04-29T00:00:00.000Z,TPW PP&D,Interactive,336.8108353
1750,IMPMAP140,Local Street Bikeway,North End AAA Bikeway,In Planning,2019-04-29T12:34:10.000Z,2019-04-29T12:39:58.000Z,2019-04-29T00:00:00.000Z,TPW PP&D,Interactive,255.7630103
1751,IMPMAP141,Local Street Bikeway,North End AAA Bikeway,In Planning,2019-04-29T12:34:10.000Z,2019-04-29T12:39:58.000Z,2019-04-29T00:00:00.000Z,TPW PP&D,Interactive,43.64495938
1752,IMPMAP142,Local Street Bikeway,Vernon-Seymour Local Street Bikeway,Under Construction,2019-04-29T12:34:10.000Z,2019-04-29T12:39:58.000Z,2019-04-29T00:00:00.000Z,TPW PP&D,Interactive,113.9980839
1753,IMPMAP143,Protected Bike Lane,University-Morris Protected Bike Lanes,In Planning,2019-04-29T12:34:10.000Z,2019-04-29T12:39:57.000Z,2019-04-29T00:00:00.000Z,TPW PP&D,Interactive,51.20550549
1754,IMPMAP144,Local Street Bikeway,North End AAA Bikeway,In Planning,2019-04-29T12:34:10.000Z,2019-04-29T12:39:58.000Z,2019-04-29T00:00:00.000Z,TPW PP&D,Interactive,42.21237898
1755,IMPMAP145,Protected Bike Lane,Cogswell Greenway Cycle Track,Pending/Proposed,2019-04-29T12:34:10.000Z,2019-04-29T12:39:57.000Z,2019-04-29T00:00:00.000Z,TPW PP&D,Interactive,81.92259138
1756,IMPMAP146,Protected Bike Lane,Brunswick St Protected Bike Lanes,In Planning,2019-04-29T12:34:10.000Z,2019-04-29T12:39:56.000Z,2019-04-29T00:00:00.000Z,TPW PP&D,Interactive,48.223016
1757,IMPMAP14,Protected Bike Lane,Cogswell Greenway Cycle Track,Pending/Proposed,2019-04-29T12:34:10.000Z,2019-04-29T12:39:57.000Z,2019-04-29T00:00:00.000Z,TPW PP&D,Interactive,52.96597958
1758,IMPMAP11,Multi-use Pathway,Mount Hope Greenway,Complete (AAA),2019-04-29T12:34:10.000Z,2019-04-29T12:39:55.000Z,2019-04-29T00:00:00.000Z,TPW PP&D,Interactive,210.77338
1759,IMPMAP12,Local Street Bikeway,North End AAA Bikeway,In Planning,2019-04-29T12:34:10.000Z,2019-04-29T12:39:58.000Z,2019-04-29T00:00:00.000Z,TPW PP&D,Interactive,180.7010449
1760,IMPMAP13,Local Street Bikeway,North End AAA Bikeway,In Planning,2019-04-29T12:34:10.000Z,2019-04-29T12:39:57.000Z,2019-04-29T00:00:00.000Z,TPW PP&D,Interactive,51.02224084
1761,IMPMAP15,Local Street Bikeway,North End AAA Bikeway,In Planning,2019-04-29T12:34:10.000Z,2019-04-29T12:39:58.000Z,2019-04-29T00:00:00.000Z,TPW PP&D,Interactive,22.79790615
1762,IMPMAP16,Protected Bike Lane,Wyse Rd Protected Bike Lanes,In Design,2019-04-29T12:34:10.000Z,2019-04-29T12:39:58.000Z,2019-04-29T00:00:00.000Z,TPW PP&D,Interactive,38.94733605
1763,IMPMAP20,Protected Bike Lane,University-Morris Protected Bike Lanes,In Planning,2019-04-29T12:34:10.000Z,2019-04-29T12:39:59.000Z,2019-04-29T00:00:00.000Z,TPW PP&D,Interactive,208.6747981
1764,IMPMAP17,Protected Bike Lane,Wyse Rd Protected Bike Lanes,In Design,2019-04-29T12:34:10.000Z,2019-04-29T12:39:57.000Z,2019-04-29T00:00:00.000Z,TPW PP&D,Interactive,58.59763426
1765,IMPMAP18,Local Street Bikeway,North End AAA Bikeway,In Planning,2019-04-29T12:34:10.000Z,2019-04-29T12:39:58.000Z,2019-04-29T00:00:00.000Z,TPW PP&D,Interactive,18.1593138
1766,IMPMAP19,Protected Bike Lane,Hollis St Protected Bike Lane,In Planning,2019-04-29T12:34:10.000Z,2019-04-29T12:39:58.000Z,2019-04-29T00:00:00.000Z,TPW PP&D,Interactive,46.83592846
1767,IMPMAP21,Local Street Bikeway,North End AAA Bikeway,In Planning,2019-04-29T12:34:10.000Z,2019-04-29T12:39:56.000Z,2019-04-29T00:00:00.000Z,TPW PP&D,Interactive,44.64843925
1768,IMPMAP22,Local Street Bikeway,North End AAA Bikeway,In Planning,2019-04-29T12:34:10.000Z,2019-04-29T12:39:56.000Z,2019-04-29T00:00:00.000Z,TPW PP&D,Interactive,44.23096309
1769,IMPMAP23,Local Street Bikeway,North End AAA Bikeway,In Planning,2019-04-29T12:34:10.000Z,2019-04-29T12:39:57.000Z,2019-04-29T00:00:00.000Z,TPW PP&D,Interactive,46.47309121
1770,IMPMAP24,Local Street Bikeway,Slayter Local Street Bikeway,Pending/Proposed,2019-04-29T12:34:10.000Z,2019-04-29T12:39:57.000Z,2019-04-29T00:00:00.000Z,TPW PP&D,Interactive,125.7716411
1771,IMPMAP25,Protected Bike Lane,Hollis St Protected Bike Lane,In Planning,2019-04-29T12:34:10.000Z,2019-04-29T12:39:58.000Z,2019-04-29T00:00:00.000Z,TPW PP&D,Interactive,12.00885986
1772,IMPMAP26,Local Street Bikeway,North End AAA Bikeway,In Planning,2019-04-29T12:34:10.000Z,2019-04-29T12:39:58.000Z,2019-04-29T00:00:00.000Z,TPW PP&D,Interactive,112.861467
1773,IMPMAP27,Local Street Bikeway,Pinecrest - Brule Local Street Bikeway,Pending/Proposed,2019-04-29T12:34:10.000Z,2019-04-29T12:39:58.000Z,2019-04-29T00:00:00.000Z,TPW PP&D,Interactive,221.337472
1774,IMPMAP28,Local Street Bikeway,North End AAA Bikeway,In Planning,2019-04-29T12:34:10.000Z,2019-04-29T12:39:58.000Z,2019-04-29T00:00:00.000Z,TPW PP&D,Interactive,108.9106636
1775,IMPMAP29,Local Street Bikeway,North End AAA Bikeway,In Planning,2019-04-29T12:34:10.000Z,2019-04-29T12:39:57.000Z,2019-04-29T00:00:00.000Z,TPW PP&D,Interactive,22.53145895
1776,IMPMAP30,Local Street Bikeway,North End AAA Bikeway,In Planning,2019-04-29T12:34:10.000Z,2019-04-29T12:39:56.000Z,2019-04-29T00:00:00.000Z,TPW PP&D,Interactive,45.59884296
1777,IMPMAP31,Local Street Bikeway,Vernon-Seymour Local Street Bikeway,Under Construction,2019-04-29T12:34:10.000Z,2019-04-29T12:39:57.000Z,2019-04-29T00:00:00.000Z,TPW PP&D,Interactive,43.74088706
1778,IMPMAP32,Local Street Bikeway,North End AAA Bikeway,In Planning,2019-04-29T12:34:10.000Z,2019-04-29T12:39:58.000Z,2019-04-29T00:00:00.000Z,TPW PP&D,Interactive,42.54196289
1779,IMPMAP33,Protected Bike Lane,University-Morris Protected Bike Lanes,In Planning,2019-04-29T12:34:10.000Z,2019-04-29T12:39:58.000Z,2019-04-29T00:00:00.000Z,TPW PP&D,Interactive,111.5705065
1780,IMPMAP34,Protected Bike Lane,University-Morris Protected Bike Lanes,In Planning,2019-04-29T12:34:10.000Z,2019-04-29T12:39:57.000Z,2019-04-29T00:00:00.000Z,TPW PP&D,Interactive,297.9721706
1781,IMPMAP35,Local Street Bikeway,North End AAA Bikeway,In Planning,2019-04-29T12:34:10.000Z,2019-04-29T12:39:57.000Z,2019-04-29T00:00:00.000Z,TPW PP&D,Interactive,10.48125657
1782,IMPMAP36,Local Street Bikeway,North End AAA Bikeway,In Planning,2019-04-29T12:34:10.000Z,2019-04-29T12:39:57.000Z,2019-04-29T00:00:00.000Z,TPW PP&D,Interactive,49.02766817
1783,IMPMAP37,Local Street Bikeway,Slayter Local Street Bikeway,Pending/Proposed,2019-04-29T12:34:10.000Z,2019-04-29T12:39:58.000Z,2019-04-29T00:00:00.000Z,TPW PP&D,Interactive,117.8267801
1784,IMPMAP38,Local Street Bikeway,North End AAA Bikeway,In Planning,2019-04-29T12:34:10.000Z,2019-04-29T12:39:58.000Z,2019-04-29T00:00:00.000Z,TPW PP&D,Interactive,43.42456421
1785,IMPMAP42,Protected Bike Lane,Brunswick St Protected Bike Lanes,In Planning,2019-04-29T12:34:10.000Z,2019-04-29T12:39:58.000Z,2019-04-29T00:00:00.000Z,TPW PP&D,Interactive,74.37741351
1786,IMPMAP39,Local Street Bikeway,North End AAA Bikeway,In Planning,2019-04-29T12:34:10.000Z,2019-04-29T12:39:57.000Z,2019-04-29T00:00:00.000Z,TPW PP&D,Interactive,38.10729519
1787,IMPMAP40,Local Street Bikeway,North End AAA Bikeway,In Planning,2019-04-29T12:34:10.000Z,2019-04-29T12:39:56.000Z,2019-04-29T00:00:00.000Z,TPW PP&D,Interactive,104.4988703
1788,IMPMAP41,Local Street Bikeway,Vernon-Seymour Local Street Bikeway,Under Construction,2019-04-29T12:34:10.000Z,2019-04-29T12:39:57.000Z,2019-04-29T00:00:00.000Z,TPW PP&D,Interactive,118.2107012
1789,IMPMAP43,Local Street Bikeway,Vernon-Seymour Local Street Bikeway,Under Construction,2019-04-29T12:34:10.000Z,2019-04-29T12:39:57.000Z,2019-04-29T00:00:00.000Z,TPW PP&D,Interactive,111.0655207
1790,IMPMAP44,Local Street Bikeway,North End AAA Bikeway,In Planning,2019-04-29T12:34:10.000Z,2019-04-29T12:39:57.000Z,2019-04-29T00:00:00.000Z,TPW PP&D,Interactive,23.77818325
1791,IMPMAP45,Protected Bike Lane,University-Morris Protected Bike Lanes,In Planning,2019-04-29T12:34:10.000Z,2019-04-29T12:39:56.000Z,2019-04-29T00:00:00.000Z,TPW PP&D,Interactive,113.0325143
1792,IMPMAP46,Local Street Bikeway,North End AAA Bikeway,In Planning,2019-04-29T12:34:10.000Z,2019-04-29T12:39:58.000Z,2019-04-29T00:00:00.000Z,TPW PP&D,Interactive,120.50655
1793,IMPMAP47,Local Street Bikeway,Vernon-Seymour Local Street Bikeway,Under Construction,2019-04-29T12:34:10.000Z,2019-04-29T12:39:57.000Z,2019-04-29T00:00:00.000Z,TPW PP&D,Interactive,261.6485534
1794,IMPMAP48,Local Street Bikeway,Dahlia Local Street Bikeway,Pending/Proposed,2019-04-29T12:34:10.000Z,2019-04-29T12:39:57.000Z,2019-04-29T00:00:00.000Z,TPW PP&D,Interactive,135.6062172
1795,IMPMAP49,Protected Bike Lane,South Park Protected Bike Lanes,In Design,2019-04-29T12:34:10.000Z,2019-04-29T12:39:55.000Z,2019-04-29T00:00:00.000Z,TPW PP&D,Interactive,219.8788777
1796,IMPMAP50,Local Street Bikeway,North End AAA Bikeway,In Planning,2019-04-29T12:34:10.000Z,2019-04-29T12:39:57.000Z,2019-04-29T00:00:00.000Z,TPW PP&D,Interactive,51.91875434
1797,IMPMAP51,Local Street Bikeway,North End AAA Bikeway,In Planning,2019-04-29T12:34:10.000Z,2019-04-29T12:39:56.000Z,2019-04-29T00:00:00.000Z,TPW PP&D,Interactive,17.9160646
1798,IMPMAP52,Local Street Bikeway,George Dauphinee Local Street Bikeway,In Planning,2019-04-29T12:34:10.000Z,2019-04-29T12:39:58.000Z,2019-04-29T00:00:00.000Z,TPW PP&D,Interactive,339.513102
1799,IMPMAP53,Local Street Bikeway,North End AAA Bikeway,In Planning,2019-04-29T12:34:10.000Z,2019-04-29T12:39:57.000Z,2019-04-29T00:00:00.000Z,TPW PP&D,Interactive,76.59179639
1800,IMPMAP54,Local Street Bikeway,Vernon-Seymour Local Street Bikeway,Under Construction,2019-04-29T12:34:10.000Z,2019-04-29T12:39:56.000Z,2019-04-29T00:00:00.000Z,TPW PP&D,Interactive,15.76672636
1801,IMPMAP55,Local Street Bikeway,North End AAA Bikeway,In Planning,2019-04-29T12:34:10.000Z,2019-04-29T12:39:56.000Z,2019-04-29T00:00:00.000Z,TPW PP&D,Interactive,111.7426659
1802,IMPMAP56,Local Street Bikeway,Slayter Local Street Bikeway,Pending/Proposed,2019-04-29T12:34:10.000Z,2019-04-29T12:39:56.000Z,2019-04-29T00:00:00.000Z,TPW PP&D,Interactive,190.6013487
1803,IMPMAP57,Local Street Bikeway,North End AAA Bikeway,In Planning,2019-04-29T12:34:10.000Z,2019-04-29T12:39:56.000Z,2019-04-29T00:00:00.000Z,TPW PP&D,Interactive,14.11656526
1804,IMPMAP58,Protected Bike Lane,Upper Water St Bikeway aka Cogswell District Bikeways,In Design,2019-04-29T12:34:10.000Z,2019-04-29T12:39:58.000Z,2019-04-29T00:00:00.000Z,TPW PP&D,Interactive,45.1273675
1805,IMPMAP59,Local Street Bikeway,Slayter Local Street Bikeway,Pending/Proposed,2019-04-29T12:34:10.000Z,2019-04-29T12:39:55.000Z,2019-04-29T00:00:00.000Z,TPW PP&D,Interactive,121.5965442
1806,IMPMAP64,Local Street Bikeway,Leppert Local Street Bikeway,In Planning,2019-04-29T12:34:10.000Z,2019-04-29T12:39:56.000Z,2019-04-29T00:00:00.000Z,TPW PP&D,Interactive,233.1753693
1807,IMPMAP61,Local Street Bikeway,North End AAA Bikeway,In Planning,2019-04-29T12:34:10.000Z,2019-04-29T12:39:56.000Z,2019-04-29T00:00:00.000Z,TPW PP&D,Interactive,114.9194442
1808,IMPMAP62,Protected Bike Lane,South Park Protected Bike Lanes,In Design,2019-04-29T12:34:10.000Z,2019-04-29T12:39:55.000Z,2019-04-29T00:00:00.000Z,TPW PP&D,Interactive,111.9450343
1809,IMPMAP63,Local Street Bikeway,North End AAA Bikeway,In Planning,2019-04-29T12:34:10.000Z,2019-04-29T12:39:58.000Z,2019-04-29T00:00:00.000Z,TPW PP&D,Interactive,52.22553873
1810,IMPMAP65,Protected Bike Lane,Windsor Street Protected Bikeway,Pending/Proposed,2019-04-29T12:34:10.000Z,2019-04-29T12:39:58.000Z,2019-04-29T00:00:00.000Z,TPW PP&D,Interactive,100.473705
1811,IMPMAP66,Protected Bike Lane,University-Morris Protected Bike Lanes,In Planning,2019-04-29T12:34:10.000Z,2019-04-29T12:39:57.000Z,2019-04-29T00:00:00.000Z,TPW PP&D,Interactive,116.3471694
1812,IMPMAP67,Local Street Bikeway,Lyle-Shore Local Street Bikeway,In Planning,2019-04-29T12:34:10.000Z,2019-04-29T12:39:58.000Z,2019-04-29T00:00:00.000Z,TPW PP&D,Interactive,115.5199172
1813,IMPMAP68,Local Street Bikeway,Slayter Local Street Bikeway,Pending/Proposed,2019-04-29T12:34:10.000Z,2019-04-29T12:39:55.000Z,2019-04-29T00:00:00.000Z,TPW PP&D,Interactive,108.0559885
1814,IMPMAP69,Local Street Bikeway,Slayter Local Street Bikeway,Pending/Proposed,2019-04-29T12:34:10.000Z,2019-04-29T12:39:58.000Z,2019-04-29T00:00:00.000Z,TPW PP&D,Interactive,110.8367134
1815,IMPMAP70,Local Street Bikeway,Slayter Local Street Bikeway,Pending/Proposed,2019-04-29T12:34:10.000Z,2019-04-29T12:39:55.000Z,2019-04-29T00:00:00.000Z,TPW PP&D,Interactive,331.6408356
1816,IMPMAP71,Local Street Bikeway,North End AAA Bikeway,In Planning,2019-04-29T12:34:10.000Z,2019-04-29T12:39:55.000Z,2019-04-29T00:00:00.000Z,TPW PP&D,Interactive,129.757375
1817,IMPMAP72,Local Street Bikeway,North End AAA Bikeway,In Planning,2019-04-29T12:34:10.000Z,2019-04-29T12:39:58.000Z,2019-04-29T00:00:00.000Z,TPW PP&D,Interactive,226.7900457
1818,IMPMAP73,Local Street Bikeway,North End AAA Bikeway,In Planning,2019-04-29T12:34:10.000Z,2019-04-29T12:39:57.000Z,2019-04-29T00:00:00.000Z,TPW PP&D,Interactive,116.8346081
1819,IMPMAP74,Local Street Bikeway,Vernon-Seymour Local Street Bikeway,Under Construction,2019-04-29T12:34:10.000Z,2019-04-29T12:39:57.000Z,2019-04-29T00:00:00.000Z,TPW PP&D,Interactive,76.55929528
1820,IMPMAP75,Local Street Bikeway,North End AAA Bikeway,In Planning,2019-04-29T12:34:10.000Z,2019-04-29T12:39:57.000Z,2019-04-29T00:00:00.000Z,TPW PP&D,Interactive,28.21996622
1821,IMPMAP76,Protected Bike Lane,University-Morris Protected Bike Lanes,In Planning,2019-04-29T12:34:10.000Z,2019-04-29T12:39:57.000Z,2019-04-29T00:00:00.000Z,TPW PP&D,Interactive,44.98657046
1822,IMPMAP77,Protected Bike Lane,South Park Protected Bike Lanes,In Design,2019-04-29T12:34:10.000Z,2019-04-29T12:39:56.000Z,2019-04-29T00:00:00.000Z,TPW PP&D,Interactive,287.3139218
1823,IMPMAP78,Local Street Bikeway,North End AAA Bikeway,In Planning,2019-04-29T12:34:10.000Z,2019-04-29T12:39:55.000Z,2019-04-29T00:00:00.000Z,TPW PP&D,Interactive,40.34881784
1824,IMPMAP79,Protected Bike Lane,Brunswick St Protected Bike Lanes,In Planning,2019-04-29T12:34:10.000Z,2019-04-29T12:39:57.000Z,2019-04-29T00:00:00.000Z,TPW PP&D,Interactive,95.55663156
1825,IMPMAP80,Multi-use Pathway,Alderney Greenway Connection,Pending/Proposed,2019-04-29T12:34:10.000Z,2019-04-29T12:39:57.000Z,2019-04-29T00:00:00.000Z,TPW PP&D,Interactive,113.4083401
1826,IMPMAP81,Local Street Bikeway,North End AAA Bikeway,In Planning,2019-04-29T12:34:10.000Z,2019-04-29T12:39:59.000Z,2019-04-29T00:00:00.000Z,TPW PP&D,Interactive,168.6039572
1827,IMPMAP82,Protected Bike Lane,Brunswick St Protected Bike Lanes,In Planning,2019-04-29T12:34:10.000Z,2019-04-29T12:39:57.000Z,2019-04-29T00:00:00.000Z,TPW PP&D,Interactive,161.3895124
1828,IMPMAP86,Protected Bike Lane,Upper Water St Bikeway aka Cogswell District Bikeways,In Design,2019-04-29T12:34:10.000Z,2019-04-29T12:39:58.000Z,2019-04-29T00:00:00.000Z,TPW PP&D,Interactive,182.7325238
1829,IMPMAP83,Protected Bike Lane,University-Morris Protected Bike Lanes,In Planning,2019-04-29T12:34:10.000Z,2019-04-29T12:39:57.000Z,2019-04-29T00:00:00.000Z,TPW PP&D,Interactive,64.15906124
1830,IMPMAP84,Local Street Bikeway,North End AAA Bikeway,In Planning,2019-04-29T12:34:10.000Z,2019-04-29T12:39:58.000Z,2019-04-29T00:00:00.000Z,TPW PP&D,Interactive,202.5552591
1831,IMPMAP85,Protected Bike Lane,Windsor Street Protected Bikeway,Pending/Proposed,2019-04-29T12:34:10.000Z,2019-04-29T12:39:56.000Z,2019-04-29T00:00:00.000Z,TPW PP&D,Interactive,200.1566972
1832,IMPMAP87,Local Street Bikeway,Vernon-Seymour Local Street Bikeway,Under Construction,2019-04-29T12:34:10.000Z,2019-04-29T12:39:57.000Z,2019-04-29T00:00:00.000Z,TPW PP&D,Interactive,302.3433391
1833,IMPMAP88,Local Street Bikeway,Slayter Local Street Bikeway,Pending/Proposed,2019-04-29T12:34:10.000Z,2019-04-29T12:39:58.000Z,2019-04-29T00:00:00.000Z,TPW PP&D,Interactive,120.6407379
1834,IMPMAP89,Local Street Bikeway,Lyle-Shore Local Street Bikeway,In Planning,2019-04-29T12:34:10.000Z,2019-04-29T12:39:56.000Z,2019-04-29T00:00:00.000Z,TPW PP&D,Interactive,156.2475905
1835,IMPMAP90,Local Street Bikeway,Slayter Local Street Bikeway,Pending/Proposed,2019-04-29T12:34:10.000Z,2019-04-29T12:39:57.000Z,2019-04-29T00:00:00.000Z,TPW PP&D,Interactive,108.773108
1836,IMPMAP91,Protected Bike Lane,Almon St Protected Bike Lanes,In Planning,2019-04-29T12:34:10.000Z,2019-04-29T12:39:58.000Z,2019-04-29T00:00:00.000Z,TPW PP&D,Interactive,119.8467209
1837,IMPMAP92,Local Street Bikeway,Slayter Local Street Bikeway,Pending/Proposed,2019-04-29T12:34:10.000Z,2019-04-29T12:39:56.000Z,2019-04-29T00:00:00.000Z,TPW PP&D,Interactive,110.6186387
1838,IMPMAP93,Local Street Bikeway,Slayter Local Street Bikeway,Pending/Proposed,2019-04-29T12:34:10.000Z,2019-04-29T12:39:58.000Z,2019-04-29T00:00:00.000Z,TPW PP&D,Interactive,128.773058
1839,IMPMAP95,Protected Bike Lane,Upper Water St Bikeway aka Cogswell District Bikeways,In Design,2019-04-29T12:34:10.000Z,2019-04-29T12:39:56.000Z,2019-04-29T00:00:00.000Z,TPW PP&D,Interactive,380.5304325
1840,IMPMAP96,Multi-use Pathway,Mount Hope Greenway,Complete (AAA),2019-04-29T12:34:10.000Z,2019-04-29T12:39:58.000Z,2019-04-29T00:00:00.000Z,TPW PP&D,Interactive,441.8777363
1841,IMPMAP97,Local Street Bikeway,North End AAA Bikeway,In Planning,2019-04-29T12:34:10.000Z,2019-04-29T12:39:56.000Z,2019-04-29T00:00:00.000Z,TPW PP&D,Interactive,41.41416307
1842,IMPMAP98,Local Street Bikeway,North End AAA Bikeway,In Planning,2019-04-29T12:34:10.000Z,2019-04-29T12:39:58.000Z,2019-04-29T00:00:00.000Z,TPW PP&D,Interactive,118.3980219
1843,IMPMAP99,Local Street Bikeway,North End AAA Bikeway,In Planning,2019-04-29T12:34:10.000Z,2019-04-29T12:39:58.000Z,2019-04-29T00:00:00.000Z,TPW PP&D,Interactive,63.27080588
1844,IMPMAP100,Protected Bike Lane,University-Morris Protected Bike Lanes,In Planning,2019-04-29T12:34:10.000Z,2019-04-29T12:39:57.000Z,2019-04-29T00:00:00.000Z,TPW PP&D,Interactive,77.04790625
1845,IMPMAP101,Protected Bike Lane,Bell Road Bikeway,In Planning,2019-04-29T12:34:10.000Z,2019-04-29T12:39:58.000Z,2019-04-29T00:00:00.000Z,TPW PP&D,Interactive,329.9142379
1846,IMPMAP107,Local Street Bikeway,Slayter Local Street Bikeway,Pending/Proposed,2019-04-29T12:34:10.000Z,2019-04-29T12:39:56.000Z,2019-04-29T00:00:00.000Z,TPW PP&D,Interactive,109.3678488
1847,IMPMAP104,Local Street Bikeway,North End AAA Bikeway,In Planning,2019-04-29T12:34:10.000Z,2019-04-29T12:39:58.000Z,2019-04-29T00:00:00.000Z,TPW PP&D,Interactive,107.3910137
1848,IMPMAP105,Local Street Bikeway,Dahlia Local Street Bikeway,Pending/Proposed,2019-04-29T12:34:10.000Z,2019-04-29T12:39:55.000Z,2019-04-29T00:00:00.000Z,TPW PP&D,Interactive,225.9990191
1849,IMPMAP106,Protected Bike Lane,Upper Water St Bikeway aka Cogswell District Bikeways,In Design,2019-04-29T12:34:10.000Z,2019-04-29T12:39:56.000Z,2019-04-29T00:00:00.000Z,TPW PP&D,Interactive,66.90061286
1850,IMPMAP108,Protected Bike Lane,University-Morris Protected Bike Lanes,In Planning,2019-04-29T12:34:10.000Z,2019-04-29T12:39:57.000Z,2019-04-29T00:00:00.000Z,TPW PP&D,Interactive,78.78357616
1851,IMPMAP109,Protected Bike Lane,Hollis St Protected Bike Lane,In Planning,2019-04-29T12:34:10.000Z,2019-04-29T12:39:58.000Z,2019-04-29T00:00:00.000Z,TPW PP&D,Interactive,46.46039027
1852,IMPMAP111,Protected Bike Lane,University-Morris Protected Bike Lanes,In Planning,2019-04-29T12:34:10.000Z,2019-04-29T12:39:57.000Z,2019-04-29T00:00:00.000Z,TPW PP&D,Interactive,123.1207351
1853,IMPMAP112,Local Street Bikeway,North End AAA Bikeway,In Planning,2019-04-29T12:34:10.000Z,2019-04-29T12:39:57.000Z,2019-04-29T00:00:00.000Z,TPW PP&D,Interactive,112.3502805
1854,IMPMAP113,Local Street Bikeway,North End AAA Bikeway,In Planning,2019-04-29T12:34:10.000Z,2019-04-29T12:39:57.000Z,2019-04-29T00:00:00.000Z,TPW PP&D,Interactive,12.17991504
1855,IMPMAP114,Local Street Bikeway,North End AAA Bikeway,In Planning,2019-04-29T12:34:10.000Z,2019-04-29T12:39:58.000Z,2019-04-29T00:00:00.000Z,TPW PP&D,Interactive,43.08883718
1856,IMPMAP115,Local Street Bikeway,North End AAA Bikeway,In Planning,2019-04-29T12:34:10.000Z,2019-04-29T12:39:58.000Z,2019-04-29T00:00:00.000Z,TPW PP&D,Interactive,160.6870184
1857,IMPMAP116,Local Street Bikeway,Lyle-Shore Local Street Bikeway,In Planning,2019-04-29T12:34:10.000Z,2019-04-29T12:39:57.000Z,2019-04-29T00:00:00.000Z,TPW PP&D,Interactive,48.76492488
1858,IMPMAP117,Protected Bike Lane,Cogswell Greenway Cycle Track,Pending/Proposed,2019-04-29T12:34:10.000Z,2019-04-29T12:39:56.000Z,2019-04-29T00:00:00.000Z,TPW PP&D,Interactive,200.0751961
1859,IMPMAP118,Local Street Bikeway,North End AAA Bikeway,In Planning,2019-04-29T12:34:10.000Z,2019-04-29T12:39:56.000Z,2019-04-29T00:00:00.000Z,TPW PP&D,Interactive,44.21399476
1860,IMPMAP119,Protected Bike Lane,Windsor Street Protected Bikeway,Pending/Proposed,2019-04-29T12:34:10.000Z,2019-04-29T12:39:58.000Z,2019-04-29T00:00:00.000Z,TPW PP&D,Interactive,34.96488149
1861,IMPMAP120,Protected Bike Lane,University-Morris Protected Bike Lanes,In Planning,2019-04-29T12:34:10.000Z,2019-04-29T12:39:57.000Z,2019-04-29T00:00:00.000Z,TPW PP&D,Interactive,127.2137987
1862,IMPMAP121,Protected Bike Lane,Almon St Protected Bike Lanes,In Planning,2019-04-29T12:34:10.000Z,2019-04-29T12:39:57.000Z,2019-04-29T00:00:00.000Z,TPW PP&D,Interactive,396.2200713
1863,IMPMAP122,Local Street Bikeway,Lyle-Shore Local Street Bikeway,In Planning,2019-04-29T12:34:10.000Z,2019-04-29T12:39:58.000Z,2019-04-29T00:00:00.000Z,TPW PP&D,Interactive,437.1472854
1864,IMPMAP124,Protected Bike Lane,Cogswell Greenway Cycle Track,Pending/Proposed,2019-04-29T12:34:10.000Z,2019-04-29T12:39:57.000Z,2019-04-29T00:00:00.000Z,TPW PP&D,Interactive,119.2970234
1865,IMPMAP388,Protected Bike Lane,Devonshire Ave Bikeway,Pending/Proposed,2019-05-10T18:08:39.000Z,2019-05-10T18:11:02.000Z,2019-05-10T00:00:00.000Z,CR,Interactive,1640.255046
1866,IMPMAP399,Protected Bike Lane,Duffus St Bikeway,Pending/Proposed,2019-05-10T18:11:22.000Z,2019-05-10T18:12:09.000Z,2019-05-10T00:00:00.000Z,CA,Interactive,190.6760128
1867,IMPMAP400,Multi-use Pathway,Barrington Greenway Extension,In Design,2019-05-10T18:12:50.000Z,2019-05-10T18:14:10.000Z,2019-05-10T00:00:00.000Z,CR,Interactive,940.1642355
1868,IMPMAP405,Local Street Bikeway,Charles St Local Street Bikeway,Pending/Proposed,2019-05-10T18:15:49.000Z,2019-05-10T18:16:38.000Z,2019-05-10T00:00:00.000Z,CA,Interactive,1115.458566
1869,IMPMAP103,Protected Bike Lane,University Ave Protected Bike Lane Pilot,In Planning,2019-04-29T12:34:10.000Z,2019-05-17T17:10:51.000Z,2019-04-29T00:00:00.000Z,TPW PP&D,Interactive,154.4527518
1870,IMPMAP60,Protected Bike Lane,University Ave Protected Bike Lane Pilot,In Planning,2019-04-29T12:34:10.000Z,2019-05-17T17:10:50.000Z,2019-04-29T00:00:00.000Z,TPW PP&D,Interactive,141.7186833
1871,IMPMAP94,Protected Bike Lane,University Ave Protected Bike Lane Pilot,In Planning,2019-04-29T12:34:10.000Z,2019-05-17T17:10:51.000Z,2019-04-29T00:00:00.000Z,TPW PP&D,Interactive,158.3787452
1872,IMPMAP102,Protected Bike Lane,University Ave Protected Bike Lane Pilot,In Planning,2019-04-29T12:34:10.000Z,2019-05-17T17:10:51.000Z,2019-04-29T00:00:00.000Z,TPW PP&D,Interactive,160.2008141
1873,IMPMAP110,Protected Bike Lane,University Ave Protected Bike Lane Pilot,In Planning,2019-04-29T12:34:10.000Z,2019-05-17T17:10:51.000Z,2019-04-29T00:00:00.000Z,TPW PP&D,Interactive,140.8103756
1874,IMPMAP123,Protected Bike Lane,University Ave Protected Bike Lane Pilot,In Planning,2019-04-29T12:34:10.000Z,2019-05-17T17:10:51.000Z,2019-04-29T00:00:00.000Z,TPW PP&D,Interactive,129.6341845
1875,IMPMAP160,Protected Bike Lane,University Ave Protected Bike Lane Pilot,In Planning,2019-04-29T12:34:10.000Z,2019-05-17T17:10:51.000Z,2019-04-29T00:00:00.000Z,TPW PP&D,Interactive,128.4970014
1876,IMPMAP183,Protected Bike Lane,University Ave Protected Bike Lane Pilot,In Planning,2019-04-29T12:34:10.000Z,2019-05-17T17:10:51.000Z,2019-04-29T00:00:00.000Z,TPW PP&D,Interactive,156.6043769
1877,IMPMAP298,Protected Bike Lane,Rainnie Protected Bike Lanes,In Planning,2019-04-29T12:34:10.000Z,2019-05-17T17:10:50.000Z,2019-04-29T00:00:00.000Z,TPW PP&D,Interactive,434.4542919
1878,IMPMAP315,Multi-use Pathway,JAson MAcCullough Park Pathways,In Planning,2019-04-29T12:34:10.000Z,2019-05-17T17:10:50.000Z,2019-04-29T00:00:00.000Z,TPW PP&D,Interactive,558.1115145
1879,IMPMAP319,Multi-use Pathway,Farrell St Park Pathways,In Planning,2019-04-29T12:34:10.000Z,2019-05-17T17:10:50.000Z,2019-04-29T00:00:00.000Z,TPW PP&D,Interactive,296.5358187
1880,IMPMAP340,Multi-use Pathway,Halifax Common Pathways,In Planning,2019-04-29T12:34:10.000Z,2019-05-17T17:10:50.000Z,2019-04-29T00:00:00.000Z,TPW PP&D,Interactive,56.04629049
1881,IMPMAP177,Protected Bike Lane,Wyse Rd Protected Bike Lanes,In Design,2019-04-29T12:34:10.000Z,2019-05-31T14:58:30.000Z,2019-04-29T00:00:00.000Z,TPW PP&D,Interactive,125.7689244
1882,IMPMAP167,Protected Bike Lane,Wyse Rd Protected Bike Lanes,In Design,2019-04-29T12:34:10.000Z,2019-05-31T14:58:30.000Z,2019-04-29T00:00:00.000Z,TPW PP&D,Interactive,39.89810255
1883,IMPMAP168,Protected Bike Lane,Wyse Rd Protected Bike Lanes,In Design,2019-04-29T12:34:10.000Z,2019-05-31T14:58:30.000Z,2019-04-29T00:00:00.000Z,TPW PP&D,Interactive,64.9712574
1884,IMPMAP172,Protected Bike Lane,Wyse Rd Protected Bike Lanes,In Design,2019-04-29T12:34:10.000Z,2019-05-31T14:58:30.000Z,2019-04-29T00:00:00.000Z,TPW PP&D,Interactive,63.96427596
1885,IMPMAP181,Protected Bike Lane,Wyse Rd Protected Bike Lanes,In Design,2019-04-29T12:34:10.000Z,2019-05-31T14:58:30.000Z,2019-04-29T00:00:00.000Z,TPW PP&D,Interactive,23.51153238
1886,IMPMAP200,Protected Bike Lane,Wyse Rd Protected Bike Lanes,In Design,2019-04-29T12:34:10.000Z,2019-05-31T14:58:30.000Z,2019-04-29T00:00:00.000Z,TPW PP&D,Interactive,138.4490198
1887,IMPMAP213,Protected Bike Lane,Wyse Rd Protected Bike Lanes,In Design,2019-04-29T12:34:10.000Z,2019-05-31T14:58:30.000Z,2019-04-29T00:00:00.000Z,TPW PP&D,Interactive,122.3035842
1888,IMPMAP251,Protected Bike Lane,Wyse Rd Protected Bike Lanes,In Design,2019-04-29T12:34:10.000Z,2019-05-31T14:58:30.000Z,2019-04-29T00:00:00.000Z,TPW PP&D,Interactive,446.6890734
1889,IMPMAP252,Protected Bike Lane,Wyse Rd Protected Bike Lanes,In Design,2019-04-29T12:34:10.000Z,2019-05-31T14:58:30.000Z,2019-04-29T00:00:00.000Z,TPW PP&D,Interactive,119.4127538
1890,IMPMAP253,Protected Bike Lane,Wyse Rd Protected Bike Lanes,In Design,2019-04-29T12:34:10.000Z,2019-05-31T14:58:30.000Z,2019-04-29T00:00:00.000Z,TPW PP&D,Interactive,105.4323664
1891,IMPMAP254,Protected Bike Lane,Wyse Rd Protected Bike Lanes,In Design,2019-04-29T12:34:10.000Z,2019-05-31T14:58:30.000Z,2019-04-29T00:00:00.000Z,TPW PP&D,Interactive,20.89450575
1892,IMPMAP268,Protected Bike Lane,Wyse Rd Protected Bike Lanes,In Design,2019-04-29T12:34:10.000Z,2019-05-31T14:58:30.000Z,2019-04-29T00:00:00.000Z,TPW PP&D,Interactive,153.7151765
1893,IMPMAP273,Protected Bike Lane,Wyse Rd Protected Bike Lanes,In Design,2019-04-29T12:34:10.000Z,2019-05-31T14:58:30.000Z,2019-04-29T00:00:00.000Z,TPW PP&D,Interactive,20.8852555
1894,IMPMAP274,Protected Bike Lane,Wyse Rd Protected Bike Lanes,In Design,2019-04-29T12:34:10.000Z,2019-05-31T14:58:30.000Z,2019-04-29T00:00:00.000Z,TPW PP&D,Interactive,92.45903419
1895,IMPMAP283,Protected Bike Lane,Wyse Rd Protected Bike Lanes,In Design,2019-04-29T12:34:10.000Z,2019-05-31T14:58:30.000Z,2019-04-29T00:00:00.000Z,TPW PP&D,Interactive,29.97159718
